idfile,Precursor,Annotations,RT,TotalArea,FWHM,MassAccu
14811,EACFAVEGPK,,734.913,2.36E+08,2.04135,-0.0652368
14811,ECCHGDLLECADDR,,715.251,1.88E+08,1.90107,0.256613
14811,HLVDEPQNLIK,,739.787,9.38E+08,1.97179,0.111099
14811,LVNELTEFAK,,792.17,6.85E+08,1.67105,0.0907428
14811,NECFLSHK,,675.845,3.88E+08,1.9509,0.0501789
14811,SLHTLFGDELCK,,777.652,78700000,1.83461,-0.444063
14811,VPQVSTPTLVEVSR,,786.223,25500000,1.82582,-0.282063
14811,YICDNQDTISSK,,699.507,5.05E+08,1.73756,0.0544483
14820,EACFAVEGPK,,733.454,2.44E+08,2.26824,-0.315271
14820,ECCHGDLLECADDR,,713.536,1.65E+08,2.10051,-0.0430617
14820,HLVDEPQNLIK,,738.144,9.22E+08,1.91955,0.00216624
14820,LVNELTEFAK,,789.998,6.87E+08,1.70911,-0.171146
14820,NECFLSHK,,673.837,4.23E+08,1.74517,-0.0175439
14820,SLHTLFGDELCK,,774.043,98300000,1.77211,-0.355953
14820,VPQVSTPTLVEVSR,,783.716,28500000,2.10704,-0.455657
14820,YICDNQDTISSK,,696.594,4.44E+08,1.88864,-0.14022
14844,EACFAVEGPK,,737.461,2.73E+08,2.18593,-0.0812996
14844,ECCHGDLLECADDR,,717.317,1.81E+08,1.94181,0.390791
14844,HLVDEPQNLIK,,742.666,9.91E+08,2.10807,0.207019
14844,LVNELTEFAK,,792.81,8.92E+08,1.71742,0.163607
14844,NECFLSHK,,675.946,3.12E+08,1.84024,0.065679
14844,SLHTLFGDELCK,,778.92,1.16E+08,1.77797,-0.251957
14844,VPQVSTPTLVEVSR,,787.185,41400000,1.82634,-0.374677
14844,YICDNQDTISSK,,701.323,4.80E+08,1.92746,0.158675
14862,EACFAVEGPK,,746.237,1.15E+08,2.15107,-0.0770203
14862,ECCHGDLLECADDR,,725.03,79700000,2.0733,0.302602
14862,HLVDEPQNLIK,,750.45,3.81E+08,1.9399,0.269929
14862,LVNELTEFAK,,804.248,3.42E+08,1.84391,0.200136
14862,NECFLSHK,,683.206,1.55E+08,1.94145,0.151551
14862,SLHTLFGDELCK,,788.24,26400000,1.73814,-0.254423
14862,VPQVSTPTLVEVSR,,797.536,2.00E+07,2.07534,-0.311007
14862,YICDNQDTISSK,,708.716,2.55E+08,1.88136,0.24815
14892,EACFAVEGPK,,735.402,1.41E+08,2.14123,-0.176492
14892,ECCHGDLLECADDR,,714.768,89800000,2.0899,0.119233
14892,HLVDEPQNLIK,,739.865,5.91E+08,1.91694,0.0990983
14892,LVNELTEFAK,,793.503,4.77E+08,1.69765,0.108955
14892,NECFLSHK,,673.884,2.71E+08,1.81103,0.175336
14892,SLHTLFGDELCK,,778.519,49900000,1.59841,-0.343377
14892,VPQVSTPTLVEVSR,,787.253,42100000,1.9208,-0.345273
14892,YICDNQDTISSK,,698.18,3.09E+08,1.82655,0.0473277
14900,EACFAVEGPK,,732.109,1.44E+08,2.07606,-0.185482
14900,ECCHGDLLECADDR,,711.318,81200000,1.89939,-0.0480316
14900,HLVDEPQNLIK,,736.172,5.45E+08,1.92247,0.0620613
14900,LVNELTEFAK,,789.51,4.28E+08,1.67389,-0.143625
14900,NECFLSHK,,668.697,2.38E+08,1.77405,0.0356722
14900,SLHTLFGDELCK,,774.494,39500000,1.79326,-0.545441
14900,VPQVSTPTLVEVSR,,783.679,43800000,1.92075,-0.448428
14900,YICDNQDTISSK,,696.275,3.02E+08,1.90526,-0.125537
14911,EACFAVEGPK,,750.772,1.08E+08,2.19622,-0.127698
14911,ECCHGDLLECADDR,,728.795,63300000,2.41788,-0.18108
14911,HLVDEPQNLIK,,754.901,4.11E+08,2.21193,-0.14605
14911,LVNELTEFAK,,807.678,3.85E+08,1.84063,-0.136435
14911,NECFLSHK,,686.943,1.97E+08,1.70223,-0.0317662
14911,SLHTLFGDELCK,,793.479,26500000,1.88821,-1.01636
14911,VPQVSTPTLVEVSR,,801.861,43300000,1.98008,-0.283721
14911,YICDNQDTISSK,,711.933,1.93E+08,1.946,-0.230097
14920,EACFAVEGPK,,777.128,1.16E+08,2.31645,-0.159351
14920,ECCHGDLLECADDR,,753.846,65700000,2.25234,-0.0947426
14920,HLVDEPQNLIK,,781.234,4.42E+08,2.15092,-0.112528
14920,LVNELTEFAK,,834.483,4.16E+08,1.7944,0.0462962
14920,NECFLSHK,,704.763,2.16E+08,2.18109,0.164435
14920,SLHTLFGDELCK,,820.042,30100000,2.00929,-0.555179
14920,VPQVSTPTLVEVSR,,828.275,48900000,2.22459,-0.399388
14920,YICDNQDTISSK,,736.251,2.55E+08,2.24512,-0.216179
14931,EACFAVEGPK,,745.816,1.16E+08,2.34734,-0.173315
14931,ECCHGDLLECADDR,,725.289,61400000,2.16633,-0.071117
14931,HLVDEPQNLIK,,750.607,3.81E+08,2.26664,-0.0407098
14931,LVNELTEFAK,,806.721,3.91E+08,1.88894,0.00798237
14931,NECFLSHK,,682.245,2.25E+08,1.89511,0.117959
14931,SLHTLFGDELCK,,790.467,27500000,2.08163,-0.372567
14931,VPQVSTPTLVEVSR,,800.17,53200000,2.14943,-0.344075
14931,YICDNQDTISSK,,708.326,2.37E+08,2.05576,-0.124711
14957,ECCHGDLLECADDR,,699.83,9.60E+07,1.01111,0.438358
14957,HLVDEPQNLIK,,723.093,6.49E+08,1.87079,0.408176
14957,LVNELTEFAK,,772.02,4.11E+08,1.50609,-0.0195437
14957,NECFLSHK,,663.642,1.88E+08,2.08291,0.0543926
14957,SLHTLFGDELCK,,758.886,28500000,1.26299,-0.268808
14957,VPQVSTPTLVEVSR,,764.548,25800000,1.62635,-0.222893
14957,YICDNQDTISSK,,683.997,3.38E+08,1.48448,0.37373
14971,ECCHGDLLECADDR,,699.91,1.70E+08,1.79665,0.89686
14971,HLVDEPQNLIK,,724.104,7.47E+08,1.8749,0.534734
14971,LVNELTEFAK,,772.739,4.17E+08,1.58694,0.453481
14971,NECFLSHK,,663.958,2.29E+08,1.49747,0.302898
14971,SLHTLFGDELCK,,759.346,32900000,1.53539,-0.0753682
14971,VPQVSTPTLVEVSR,,765.816,3.20E+07,1.81671,-0.293306
14980,EACFAVEGPK,,719.137,1.77E+08,1.91063,0.295948
14980,ECCHGDLLECADDR,,698.629,1.84E+08,1.77281,1.00229
14980,HLVDEPQNLIK,,724.121,6.31E+08,1.54921,0.534215
14980,LVNELTEFAK,,772.127,5.61E+08,1.61623,0.487485
14980,NECFLSHK,,661.771,1.71E+08,1.04454,0.233709
14980,SLHTLFGDELCK,,758.953,36600000,1.3322,-0.231034
14980,VPQVSTPTLVEVSR,,765.527,34800000,1.74745,-0.278355
14980,YICDNQDTISSK,,683.029,3.56E+08,1.89238,0.642039
14984,EACFAVEGPK,,719.183,1.01E+08,1.02938,0.317984
14984,HLVDEPQNLIK,,724.378,6.85E+08,1.73551,0.542311
14984,LVNELTEFAK,,772.984,6.02E+08,1.69211,0.520668
14984,NECFLSHK,,662.8,2.21E+08,1.674,0.25201
14984,SLHTLFGDELCK,,759.39,49500000,1.51843,-0.132676
14984,VPQVSTPTLVEVSR,,765.933,46500000,1.81362,-0.229653
14984,YICDNQDTISSK,,683.459,3.50E+08,1.75997,0.618325
14992,ECCHGDLLECADDR,,699.435,1.35E+08,1.45933,0.774942
14992,HLVDEPQNLIK,,724.118,6.26E+08,1.6389,0.406409
14992,LVNELTEFAK,,773.384,5.29E+08,1.74911,0.402793
14992,NECFLSHK,,662.179,2.35E+08,1.68359,0.252998
14992,SLHTLFGDELCK,,758.608,39800000,1.38087,-0.266989
14992,VPQVSTPTLVEVSR,,765.933,53200000,1.80646,-0.293611
14992,YICDNQDTISSK,,682.795,3.35E+08,1.76502,0.45849
15004,EACFAVEGPK,,720.988,1.12E+08,1.33609,0.0536155
15004,ECCHGDLLECADDR,,701.507,1.36E+08,1.68795,0.448905
15004,HLVDEPQNLIK,,726.35,6.58E+08,1.82596,0.427953
15004,LVNELTEFAK,,773.591,6.04E+08,1.68296,0.283138
15004,NECFLSHK,,662.785,2.57E+08,1.73049,0.132464
15004,SLHTLFGDELCK,,760.451,41800000,1.58325,-0.235559
15004,VPQVSTPTLVEVSR,,766.637,62300000,1.62982,-0.388912
15004,YICDNQDTISSK,,684.804,1.73E+08,0.619276,0.295952
15013,EACFAVEGPK,,720.224,1.31E+08,2.03538,0.0513345
15013,ECCHGDLLECADDR,,702.092,1.33E+08,1.96397,0.542242
15013,HLVDEPQNLIK,,724.693,5.44E+08,1.95858,0.328861
15013,LVNELTEFAK,,772.65,5.75E+08,1.213,0.381598
15013,NECFLSHK,,663.906,2.14E+08,1.48594,0.183444
15013,SLHTLFGDELCK,,759.571,51900000,1.52932,-0.192606
15013,VPQVSTPTLVEVSR,,766.015,84700000,1.66654,-0.360298
15013,YICDNQDTISSK,,685.33,3.24E+08,1.99344,0.28507
15021,EACFAVEGPK,,721.896,1.39E+08,1.7332,0.0471368
15021,ECCHGDLLECADDR,,702.633,1.09E+08,2.06463,0.26022
15021,HLVDEPQNLIK,,727.15,6.31E+08,1.85799,0.54567
15021,LVNELTEFAK,,776.342,6.00E+08,1.56492,0.282511
15021,NECFLSHK,,664.879,2.36E+08,1.77784,0.128112
15021,SLHTLFGDELCK,,762.612,60600000,1.58184,-0.253411
15021,YICDNQDTISSK,,686.668,2.66E+08,1.66288,0.0940026
15031,EACFAVEGPK,,720.779,1.41E+08,1.99313,-0.0866814
15031,ECCHGDLLECADDR,,701.767,1.07E+08,1.96984,0.0711513
15031,HLVDEPQNLIK,,726.167,5.97E+08,1.73111,0.233404
15031,LVNELTEFAK,,773.917,6.65E+08,1.59937,0.428392
15031,NECFLSHK,,665.784,2.45E+08,1.82864,0.0519835
15031,SLHTLFGDELCK,,760.241,60600000,1.69317,-0.293781
15031,VPQVSTPTLVEVSR,,766.8,1.22E+08,1.92481,-0.362625
15031,YICDNQDTISSK,,685.815,2.68E+08,1.90321,-0.193336
15044,EACFAVEGPK,,731.641,1.44E+08,1.8802,0.433394
15044,ECCHGDLLECADDR,,710.088,1.09E+08,2.02366,1.12345
15044,HLVDEPQNLIK,,736.531,5.80E+08,1.82798,0.475266
15044,LVNELTEFAK,,785.08,7.20E+08,1.2987,0.480118
15044,NECFLSHK,,669.55,1.44E+08,1.23051,0.307597
15044,SLHTLFGDELCK,,770.968,51300000,1.52349,-0.252449
15044,VPQVSTPTLVEVSR,,778.166,1.70E+08,1.64729,-0.000644971
15044,YICDNQDTISSK,,691.721,2.73E+08,1.89519,0.595886
15048,EACFAVEGPK,,722.691,1.50E+08,2.28545,0.227002
15048,ECCHGDLLECADDR,,702.749,1.31E+08,2.15861,0.761004
15048,HLVDEPQNLIK,,727.774,6.47E+08,1.67403,0.524754
15048,LVNELTEFAK,,776.667,6.24E+08,1.47254,0.442465
15048,NECFLSHK,,665.108,2.68E+08,1.57252,0.127677
15048,SLHTLFGDELCK,,763.41,51600000,1.48729,-0.232999
15048,VPQVSTPTLVEVSR,,769.968,1.32E+08,1.68718,0.133971
15048,YICDNQDTISSK,,686.759,3.55E+08,1.6533,0.577528
15061,EACFAVEGPK,,722.324,1.58E+08,1.61212,0.0413468
15061,HLVDEPQNLIK,,727.201,6.45E+08,1.44948,0.448842
15061,LVNELTEFAK,,776.204,6.42E+08,1.54236,0.583549
15061,NECFLSHK,,664.414,2.54E+08,1.75836,0.0734349
15061,SLHTLFGDELCK,,762.935,54300000,1.71308,-0.276808
15061,VPQVSTPTLVEVSR,,769.857,2.41E+08,1.84975,-0.308855
15061,YICDNQDTISSK,,686.273,3.36E+08,1.59696,0.329233
15069,EACFAVEGPK,,723.076,1.44E+08,1.84747,0.0691313
15069,ECCHGDLLECADDR,,704.142,98900000,1.96834,0.3417
15069,HLVDEPQNLIK,,728.242,7.04E+08,1.7056,0.366744
15069,LVNELTEFAK,,778.257,5.72E+08,1.65086,0.184829
15069,NECFLSHK,,665.39,1.94E+08,1.86385,0.108944
15069,SLHTLFGDELCK,,763.636,55800000,1.41039,-0.247663
15069,VPQVSTPTLVEVSR,,771.239,2.23E+08,1.9128,-0.23792
15069,YICDNQDTISSK,,686.295,2.82E+08,1.88716,0.364459
15078,EACFAVEGPK,,722.093,1.54E+08,1.9592,0.0981937
15078,ECCHGDLLECADDR,,703.944,9.90E+07,1.68589,0.506921
15078,HLVDEPQNLIK,,727.16,5.64E+08,1.99686,0.342221
15078,LVNELTEFAK,,776.124,5.52E+08,1.45629,0.258051
15078,NECFLSHK,,664.896,1.90E+08,1.7644,0.24671
15078,SLHTLFGDELCK,,763.284,56200000,1.51201,-0.240896
15078,VPQVSTPTLVEVSR,,770.083,2.18E+08,1.75867,-0.148932
15078,YICDNQDTISSK,,686.777,2.78E+08,1.71899,0.417559
15086,EACFAVEGPK,,724.098,2.50E+08,1.69209,0.246944
15086,ECCHGDLLECADDR,,704.046,1.38E+08,2.04484,0.807936
15086,HLVDEPQNLIK,,729.365,8.10E+08,1.55301,0.427189
15086,LVNELTEFAK,,777.748,6.03E+08,1.39705,0.400542
15086,NECFLSHK,,665.751,2.83E+08,1.71906,0.203869
15086,SLHTLFGDELCK,,764.286,53900000,1.71812,-0.227961
15086,VPQVSTPTLVEVSR,,771.033,2.51E+08,1.70512,0.0109127
15086,YICDNQDTISSK,,688.48,3.68E+08,1.92518,0.436815
15095,EACFAVEGPK,,724.983,1.58E+08,1.85817,0.243525
15095,ECCHGDLLECADDR,,705.724,1.05E+08,1.86156,0.677224
15095,HLVDEPQNLIK,,729.573,5.09E+08,1.70827,0.435733
15095,LVNELTEFAK,,778.574,7.65E+08,1.65308,0.292473
15095,NECFLSHK,,667.18,2.10E+08,1.67369,0.271071
15095,SLHTLFGDELCK,,764.136,46900000,1.3763,-0.265272
15095,VPQVSTPTLVEVSR,,771.986,2.47E+08,1.68538,-0.10262
15095,YICDNQDTISSK,,689.352,3.12E+08,1.69879,0.523589
15103,EACFAVEGPK,,725.001,1.28E+08,2.39922,0.0915214
15103,ECCHGDLLECADDR,,703.946,89100000,1.93763,0.58329
15103,HLVDEPQNLIK,,730.64,4.64E+08,1.5552,0.268052
15103,LVNELTEFAK,,778.378,4.71E+08,1.64589,0.302631
15103,NECFLSHK,,667.524,2.18E+08,1.72194,0.160631
15103,SLHTLFGDELCK,,764.83,39800000,0.847202,-0.27862
15103,VPQVSTPTLVEVSR,,772.124,1.64E+08,2.06737,-0.309935
15103,YICDNQDTISSK,,687.103,3.22E+08,1.67778,0.323632
15111,EACFAVEGPK,,722.513,1.29E+08,1.89553,0.0508341
15111,ECCHGDLLECADDR,,701.506,87900000,2.0048,0.261189
15111,HLVDEPQNLIK,,727.582,4.88E+08,1.75382,0.281762
15111,LVNELTEFAK,,776.236,4.40E+08,1.89805,0.169816
15111,NECFLSHK,,664.315,1.80E+08,1.64324,0.150858
15111,SLHTLFGDELCK,,762.582,38100000,1.66597,-0.236044
15111,VPQVSTPTLVEVSR,,769.547,1.89E+08,1.78118,-0.347894
15111,YICDNQDTISSK,,685.893,2.54E+08,1.79273,0.234086
15116,EACFAVEGPK,,720.248,1.69E+08,1.9197,0.13588
15116,HLVDEPQNLIK,,726.119,6.17E+08,1.41938,0.411898
15116,LVNELTEFAK,,775.145,4.86E+08,1.66179,0.301764
15116,NECFLSHK,,662.788,2.77E+08,1.81641,0.20546
15116,SLHTLFGDELCK,,761.173,39900000,1.76009,-0.23029
15116,VPQVSTPTLVEVSR,,768.445,1.82E+08,1.74159,-0.0877102
15116,YICDNQDTISSK,,685.746,3.27E+08,1.42009,0.443443
15121,EACFAVEGPK,,721.8,1.12E+08,1.88606,-0.20241
15121,ECCHGDLLECADDR,,702.832,70200000,1.89553,-0.110754
15121,HLVDEPQNLIK,,726.712,4.13E+08,1.591,-0.0231868
15121,LVNELTEFAK,,776.155,3.65E+08,1.80506,-0.0582538
15121,NECFLSHK,,663.868,1.62E+08,1.73296,0.0457541
15121,SLHTLFGDELCK,,761.995,30700000,1.35694,-0.430176
15121,VPQVSTPTLVEVSR,,769.323,1.33E+08,1.6875,-0.427447
15121,YICDNQDTISSK,,685.891,2.18E+08,1.98799,-0.204919
15127,EACFAVEGPK,,719.038,1.48E+08,2.20231,-0.0252477
15127,ECCHGDLLECADDR,,700.85,77600000,1.9254,0.153246
15127,HLVDEPQNLIK,,724.122,4.99E+08,1.84219,0.190509
15127,LVNELTEFAK,,772.898,4.79E+08,1.71118,0.173989
15127,NECFLSHK,,662.687,2.22E+08,1.78366,0.191774
15127,SLHTLFGDELCK,,759.572,45100000,1.52154,-0.304395
15127,VPQVSTPTLVEVSR,,766.485,1.99E+08,1.85801,-0.324631
15127,YICDNQDTISSK,,683.918,2.78E+08,2.0745,-0.0332295
15131,EACFAVEGPK,,722.703,1.35E+08,2.01091,0.0863307
15131,ECCHGDLLECADDR,,702.204,79500000,1.99621,0.294156
15131,HLVDEPQNLIK,,728.014,4.60E+08,1.835,0.286457
15131,LVNELTEFAK,,776.232,4.26E+08,1.27522,0.240879
15131,NECFLSHK,,663.798,2.00E+08,1.57054,0.273899
15131,SLHTLFGDELCK,,761.006,43900000,1.61615,-0.314832
15131,VPQVSTPTLVEVSR,,768.738,2.01E+08,2.18048,-0.35835
15131,YICDNQDTISSK,,685.513,2.74E+08,1.99042,0.302283
15144,EACFAVEGPK,,718.239,1.46E+08,1.86136,0.149344
15144,ECCHGDLLECADDR,,699.284,71400000,1.47869,0.671266
15144,HLVDEPQNLIK,,723.471,4.59E+08,1.54941,0.536331
15144,LVNELTEFAK,,773.812,4.41E+08,1.51051,0.28107
15144,NECFLSHK,,659.793,2.19E+08,1.78045,0.188482
15144,SLHTLFGDELCK,,759.538,29300000,1.58486,-0.311079
15144,VPQVSTPTLVEVSR,,767.041,1.59E+08,1.99159,-0.124344
15144,YICDNQDTISSK,,683.769,2.58E+08,1.52327,0.372133
15151,EACFAVEGPK,,718.801,1.39E+08,2.35179,0.0106706
15151,ECCHGDLLECADDR,,699.805,68300000,1.84128,0.323625
15151,HLVDEPQNLIK,,723.905,4.07E+08,1.74075,0.20247
15151,LVNELTEFAK,,773.619,4.66E+08,0.994308,0.365838
15151,NECFLSHK,,660.518,2.29E+08,1.77065,0.231239
15151,SLHTLFGDELCK,,759.372,29800000,1.60381,-0.295407
15151,VPQVSTPTLVEVSR,,767.386,1.66E+08,1.75277,-0.101045
15151,YICDNQDTISSK,,683.364,2.66E+08,1.82695,0.266492
15155,EACFAVEGPK,,715.769,1.37E+08,1.9455,0.0392993
15155,ECCHGDLLECADDR,,698.445,68300000,1.77222,0.225995
15155,HLVDEPQNLIK,,720.778,4.84E+08,1.84646,0.332405
15155,LVNELTEFAK,,773.035,5.00E+08,1.58463,0.271896
15155,NECFLSHK,,659.514,2.20E+08,1.85558,0.159291
15155,SLHTLFGDELCK,,757.897,30700000,1.55584,-0.240296
15155,VPQVSTPTLVEVSR,,766.326,2.14E+08,1.84621,-0.214156
15155,YICDNQDTISSK,,681.924,2.93E+08,1.94689,0.403911
15160,EACFAVEGPK,,715.449,1.24E+08,2.17986,0.0924045
15160,ECCHGDLLECADDR,,695.621,73800000,2.07744,0.643629
15160,HLVDEPQNLIK,,720.426,4.51E+08,1.94376,0.299428
15160,LVNELTEFAK,,769.825,4.98E+08,1.53745,0.340681
15160,NECFLSHK,,657.118,1.83E+08,1.65744,0.22043
15160,SLHTLFGDELCK,,755.206,34100000,1.36786,-0.190326
15160,YICDNQDTISSK,,679.178,2.79E+08,1.48771,0.467746
15165,EACFAVEGPK,,714.552,1.40E+08,2.07898,-0.106531
15165,HLVDEPQNLIK,,719.388,5.04E+08,1.63684,0.0863936
15165,LVNELTEFAK,,769.207,3.72E+08,1.55926,0.252737
15165,SLHTLFGDELCK,,755.676,28700000,1.62535,-0.456035
15165,VPQVSTPTLVEVSR,,762.898,1.49E+08,1.82065,-0.421108
15165,YICDNQDTISSK,,678.824,2.23E+08,1.75326,-0.0545058
15170,EACFAVEGPK,,715.617,1.23E+08,2.11091,-0.0690862
15170,ECCHGDLLECADDR,,696.186,57200000,1.74997,0.100326
15170,HLVDEPQNLIK,,720.705,3.81E+08,1.42909,0.122326
15170,LVNELTEFAK,,770.558,4.28E+08,1.53435,0.231129
15170,NECFLSHK,,655.97,1.78E+08,1.89374,0.119629
15170,SLHTLFGDELCK,,756.762,30900000,1.50097,-0.27271
15170,VPQVSTPTLVEVSR,,764.286,1.81E+08,1.86828,-0.230177
15170,YICDNQDTISSK,,681.275,2.20E+08,2.01932,0.155227
15222,EACFAVEGPK,,715.132,1.36E+08,2.07409,-0.117766
15222,ECCHGDLLECADDR,,696.156,64200000,1.91394,0.15743
15222,HLVDEPQNLIK,,719.78,4.53E+08,1.80511,0.276762
15222,LVNELTEFAK,,769.212,3.63E+08,2.02652,0.034828
15222,NECFLSHK,,653.725,1.66E+08,2.05499,0.120857
15222,SLHTLFGDELCK,,754.979,26800000,1.60812,-0.32598
15222,VPQVSTPTLVEVSR,,763.121,1.63E+08,0.948124,-0.0695957
15222,YICDNQDTISSK,,678.679,2.63E+08,1.7554,0.148171
15226,EACFAVEGPK,,716.712,1.20E+08,2.14112,-0.0286627
15226,ECCHGDLLECADDR,,695.451,5.60E+07,2.0552,0.19271
15226,HLVDEPQNLIK,,721.561,3.83E+08,1.64609,0.200915
15226,LVNELTEFAK,,770.6,4.11E+08,1.58192,0.246305
15226,NECFLSHK,,655.256,2.17E+08,1.86836,0.156382
15226,SLHTLFGDELCK,,755.852,26400000,1.60007,-0.343024
15226,VPQVSTPTLVEVSR,,763.732,2.05E+08,1.79564,-0.304389
15226,YICDNQDTISSK,,679.119,2.60E+08,1.73533,0.198512
15228,EACFAVEGPK,,715.182,1.25E+08,2.18923,-0.12966
15228,ECCHGDLLECADDR,,696.198,50300000,1.98436,0.0407066
15228,HLVDEPQNLIK,,720.552,3.76E+08,1.89341,0.0790711
15228,LVNELTEFAK,,770.35,3.86E+08,1.45322,0.246312
15228,NECFLSHK,,657.033,1.83E+08,1.72374,0.0990886
15228,SLHTLFGDELCK,,756.113,24300000,1.15551,-0.307359
15228,VPQVSTPTLVEVSR,,763.418,1.58E+08,1.8636,-0.332473
15228,YICDNQDTISSK,,680.928,2.51E+08,1.76321,0.0671599
15234,EACFAVEGPK,,713.696,1.37E+08,1.94992,0.101828
15234,ECCHGDLLECADDR,,693.093,55800000,1.87011,0.274069
15234,HLVDEPQNLIK,,718.339,4.05E+08,1.73768,0.161625
15234,LVNELTEFAK,,768.313,3.94E+08,1.6207,0.153532
15234,NECFLSHK,,656.401,1.88E+08,1.72708,0.187265
15234,SLHTLFGDELCK,,754.91,25200000,1.519,-0.302256
15234,VPQVSTPTLVEVSR,,762.021,1.67E+08,1.8292,-0.289941
15234,YICDNQDTISSK,,678.008,2.51E+08,1.83668,0.229353
15240,EACFAVEGPK,,714.059,1.18E+08,2.06271,-0.0581784
15240,ECCHGDLLECADDR,,696.88,51100000,2.05458,-0.0354316
15240,HLVDEPQNLIK,,719.514,4.11E+08,1.80316,0.0662172
15240,LVNELTEFAK,,770.07,3.69E+08,1.11245,0.186089
15240,NECFLSHK,,657.437,1.57E+08,1.53539,0.198584
15240,SLHTLFGDELCK,,756.272,27900000,1.48276,-0.284094
15240,VPQVSTPTLVEVSR,,763.671,1.57E+08,1.8021,-0.320273
15240,YICDNQDTISSK,,680.445,2.47E+08,2.01866,0.197572
15308,EACFAVEGPK,,718.387,1.20E+08,1.99783,0.0361853
15308,ECCHGDLLECADDR,,698.302,1.14E+08,2.03908,0.575864
15308,HLVDEPQNLIK,,723.428,4.66E+08,1.78648,0.274801
15308,LVNELTEFAK,,772.577,3.47E+08,1.77731,0.197299
15308,NECFLSHK,,658.487,1.68E+08,1.55703,0.314874
15308,SLHTLFGDELCK,,758.423,35200000,1.82274,-0.262472
15308,VPQVSTPTLVEVSR,,766.073,32400000,1.65983,-0.209735
15308,YICDNQDTISSK,,682.058,2.44E+08,2.07129,0.194519
15315,EACFAVEGPK,,717.402,1.24E+08,1.56907,0.0191379
15315,ECCHGDLLECADDR,,698.331,1.03E+08,1.72581,0.40018
15315,HLVDEPQNLIK,,721.712,5.04E+08,1.53735,0.329436
15315,LVNELTEFAK,,771.879,3.84E+08,1.39896,0.242252
15315,NECFLSHK,,659.958,1.69E+08,1.96659,0.142884
15315,VPQVSTPTLVEVSR,,765.16,40400000,1.6379,-0.342852
15315,YICDNQDTISSK,,682.905,2.24E+08,1.81037,0.122658
15322,EACFAVEGPK,,714.629,1.32E+08,2.07785,0.125482
15322,ECCHGDLLECADDR,,696.102,1.10E+08,1.83647,0.526701
15322,HLVDEPQNLIK,,719.808,4.83E+08,2.13488,0.338657
15322,LVNELTEFAK,,771.638,5.64E+08,1.41926,0.476859
15322,NECFLSHK,,658.61,1.70E+08,1.84352,0.213109
15322,SLHTLFGDELCK,,756.144,50300000,1.96537,-0.21045
15322,VPQVSTPTLVEVSR,,764.588,47300000,1.59686,-0.291447
15322,YICDNQDTISSK,,681.44,2.70E+08,1.8159,0.35667
15329,EACFAVEGPK,,715.29,1.22E+08,2.19851,0.0539847
15329,ECCHGDLLECADDR,,698.008,1.08E+08,1.95187,0.501675
15329,HLVDEPQNLIK,,720.472,5.42E+08,2.06813,0.344038
15329,LVNELTEFAK,,772.404,5.25E+08,1.65044,0.38395
15329,NECFLSHK,,656.848,1.78E+08,2.0762,0.226518
15329,SLHTLFGDELCK,,758.427,39600000,1.59881,-0.294047
15329,VPQVSTPTLVEVSR,,766.056,51300000,1.99484,-0.37423
15329,YICDNQDTISSK,,680.419,2.43E+08,1.79534,0.335999
15334,EACFAVEGPK,,716.072,1.11E+08,2.15668,-0.106607
15334,ECCHGDLLECADDR,,696.23,2.40E+08,1.53853,0.253131
15334,HLVDEPQNLIK,,721.121,4.25E+08,1.75962,0.116707
15334,LVNELTEFAK,,769.857,4.43E+08,1.4946,0.115571
15334,NECFLSHK,,657.722,2.18E+08,1.61948,0.0567123
15334,SLHTLFGDELCK,,754.746,38100000,1.66608,-0.381814
15334,VPQVSTPTLVEVSR,,762.827,5.50E+07,1.85251,-0.325058
15334,YICDNQDTISSK,,682.337,2.35E+08,2.0516,-0.0406445
15342,EACFAVEGPK,,716.515,3.34E+08,2.06289,-0.108798
15342,ECCHGDLLECADDR,,697.233,2.37E+08,2.02895,0.0376474
15342,HLVDEPQNLIK,,721.519,1.33E+09,1.88093,0.140942
15342,LVNELTEFAK,,773.076,1.17E+09,1.66031,0.0217719
15342,NECFLSHK,,658.114,3.36E+08,1.46698,0.0371781
15342,SLHTLFGDELCK,,758.095,1.75E+08,1.64537,-0.289633
15342,VPQVSTPTLVEVSR,,766.51,2.00E+08,1.85632,-0.416464
15342,YICDNQDTISSK,,680.901,6.04E+08,1.80871,0.0120524
15349,EACFAVEGPK,,718.405,1.06E+08,1.9422,-0.0839897
15349,ECCHGDLLECADDR,,698.126,1.04E+08,1.7695,0.288605
15349,HLVDEPQNLIK,,723.258,4.36E+08,1.79355,0.15121
15349,LVNELTEFAK,,771.516,4.44E+08,1.47058,0.277599
15349,NECFLSHK,,658.922,3.58E+08,1.21847,0.0459957
15349,SLHTLFGDELCK,,757.534,30600000,1.72152,-0.341593
15349,VPQVSTPTLVEVSR,,764.639,66300000,1.1624,-0.402938
15349,YICDNQDTISSK,,680.926,2.50E+08,2.01346,0.0692866
15354,EACFAVEGPK,,717.354,3.34E+08,1.82634,-0.00244325
15354,ECCHGDLLECADDR,,700.687,2.47E+08,1.91544,0.366656
15354,HLVDEPQNLIK,,722.107,8.50E+08,1.05386,0.258213
15354,LVNELTEFAK,,773.919,4.47E+08,1.54186,0.227972
15354,SLHTLFGDELCK,,758.942,42100000,1.51019,-0.204069
15354,VPQVSTPTLVEVSR,,767.727,93500000,1.69272,-0.381961
15354,YICDNQDTISSK,,683.687,6.43E+08,1.51994,0.283292
15362,EACFAVEGPK,,716.414,1.14E+08,2.11704,-0.0786684
15362,ECCHGDLLECADDR,,696.556,78700000,1.8031,0.128164
15362,HLVDEPQNLIK,,721.756,4.20E+08,1.92999,0.147221
15362,LVNELTEFAK,,772.38,3.96E+08,1.61377,0.112183
15362,NECFLSHK,,660.257,2.06E+08,1.66346,0.129219
15362,SLHTLFGDELCK,,757.737,36800000,1.60848,-0.27478
15362,VPQVSTPTLVEVSR,,765.971,84500000,1.68893,-0.328554
15362,YICDNQDTISSK,,681.471,2.43E+08,1.62065,0.173298
15369,EACFAVEGPK,,719.111,1.36E+08,1.95978,0.0933476
15369,ECCHGDLLECADDR,,699.717,1.04E+08,1.76741,0.608425
15369,HLVDEPQNLIK,,723.726,4.60E+08,1.6107,0.359105
15369,LVNELTEFAK,,773.19,4.22E+08,1.60647,0.290769
15369,NECFLSHK,,661.465,2.27E+08,1.63388,0.278914
15369,SLHTLFGDELCK,,759.327,35500000,1.5623,-0.246718
15369,VPQVSTPTLVEVSR,,766.782,97200000,1.76973,-0.223305
15369,YICDNQDTISSK,,683.239,3.07E+08,1.61724,0.390456
15373,EACFAVEGPK,,718.898,1.16E+08,1.69015,0.0703385
15373,ECCHGDLLECADDR,,697.307,89700000,1.94209,0.41627
15373,HLVDEPQNLIK,,723.495,5.12E+08,1.63711,0.396237
15373,LVNELTEFAK,,772.042,4.21E+08,1.45107,0.259377
15373,NECFLSHK,,657.987,1.64E+08,1.68659,0.184217
15373,SLHTLFGDELCK,,757.976,27400000,1.577,-0.270231
15373,VPQVSTPTLVEVSR,,765.983,1.02E+08,1.70925,-0.252423
15373,YICDNQDTISSK,,681.363,2.55E+08,1.71088,0.212674
15376,EACFAVEGPK,,716.816,1.28E+08,2.03034,0.243077
15376,ECCHGDLLECADDR,,698.511,8.90E+07,1.89043,0.616993
15376,HLVDEPQNLIK,,721.656,4.55E+08,1.85847,0.507757
15376,LVNELTEFAK,,771.51,4.20E+08,1.66607,0.384833
15376,NECFLSHK,,656.739,1.83E+08,1.76537,0.353045
15376,SLHTLFGDELCK,,758.2,32700000,1.48536,-0.206559
15376,VPQVSTPTLVEVSR,,765.277,1.16E+08,1.70426,-0.140651
15376,YICDNQDTISSK,,680.918,2.46E+08,2.04316,0.454209
15380,ECCHGDLLECADDR,,696.977,70900000,1.96126,0.0539161
15380,HLVDEPQNLIK,,721.945,3.61E+08,1.44328,0.268922
15380,LVNELTEFAK,,771.06,3.68E+08,1.53728,0.0676544
15380,NECFLSHK,,656.206,1.62E+08,1.88391,0.159813
15380,SLHTLFGDELCK,,757.23,25400000,1.67778,-0.325662
15380,VPQVSTPTLVEVSR,,764.479,1.04E+08,1.81285,-0.324313
15380,YICDNQDTISSK,,680.074,2.39E+08,1.88163,-0.0276571
15385,EACFAVEGPK,,715.309,1.25E+08,2.00831,0.0145283
15385,ECCHGDLLECADDR,,694.481,68900000,1.83865,0.088205
15385,HLVDEPQNLIK,,720.017,4.13E+08,1.63632,0.0998061
15385,LVNELTEFAK,,769.868,3.86E+08,1.46482,0.0947941
15385,NECFLSHK,,657.133,1.85E+08,1.69572,0.251198
15385,SLHTLFGDELCK,,755.976,3.00E+07,1.56919,-0.349001
15385,VPQVSTPTLVEVSR,,764.039,1.17E+08,1.60011,-0.388259
15385,YICDNQDTISSK,,679.424,2.20E+08,1.98592,0.000118994
15390,EACFAVEGPK,,714.349,1.18E+08,2.08633,-0.0912163
15390,ECCHGDLLECADDR,,694.917,76100000,2.0894,0.134708
15390,HLVDEPQNLIK,,719.287,3.58E+08,1.78525,0.126602
15390,LVNELTEFAK,,769.887,3.82E+08,1.53764,0.170806
15390,NECFLSHK,,655.27,1.27E+08,1.76456,0.108657
15390,SLHTLFGDELCK,,756.358,25300000,1.60395,-0.283604
15390,VPQVSTPTLVEVSR,,763.854,1.08E+08,1.68333,-0.376208
15390,YICDNQDTISSK,,678.789,2.31E+08,1.76525,0.0747744
15393,EACFAVEGPK,,715.367,1.61E+08,1.66138,-0.192805
15393,ECCHGDLLECADDR,,694.068,1.03E+08,1.42,-0.103298
15393,HLVDEPQNLIK,,720.765,8.82E+08,1.7281,0.157481
15393,LVNELTEFAK,,768.968,9.41E+08,1.46812,0.00334803
15393,NECFLSHK,,653.121,3.28E+08,1.38152,0.115071
15393,SLHTLFGDELCK,,754.583,1.13E+08,1.51044,-0.346073
15393,VPQVSTPTLVEVSR,,762.853,3.02E+08,1.71981,-0.490058
15393,YICDNQDTISSK,,678.723,4.01E+08,1.28462,-0.0863245
15397,EACFAVEGPK,,712.402,1.16E+08,2.03723,-0.106462
15397,ECCHGDLLECADDR,,692.929,57500000,1.73277,0.166026
15397,HLVDEPQNLIK,,717.12,4.06E+08,1.59406,0.158118
15397,LVNELTEFAK,,767.631,3.78E+08,1.44095,0.159043
15397,NECFLSHK,,653.813,1.77E+08,1.75568,0.145121
15397,SLHTLFGDELCK,,753.815,27200000,1.4632,-0.315248
15397,VPQVSTPTLVEVSR,,761.797,1.30E+08,1.74871,-0.339908
15397,YICDNQDTISSK,,677.085,1.97E+08,1.87738,0.0303862
15400,EACFAVEGPK,,716.698,2.99E+08,1.78754,0.0374356
15400,ECCHGDLLECADDR,,696.486,79400000,2.03953,0.240857
15400,HLVDEPQNLIK,,721.348,1.23E+09,1.70855,0.240638
15400,LVNELTEFAK,,771.515,1.10E+09,1.54792,0.158791
15400,NECFLSHK,,657.172,3.24E+08,1.51889,0.159579
15400,SLHTLFGDELCK,,757.233,1.33E+08,1.4842,-0.346099
15400,VPQVSTPTLVEVSR,,765.219,3.77E+08,1.75002,-0.319538
15400,YICDNQDTISSK,,680.948,4.26E+08,1.15965,0.266374
15406,EACFAVEGPK,,714.134,3.12E+08,1.80529,-0.00987392
15406,ECCHGDLLECADDR,,694.971,1.75E+08,1.95112,0.267342
15406,HLVDEPQNLIK,,718.855,1.28E+09,1.78199,0.160752
15406,LVNELTEFAK,,768.618,1.21E+09,1.59375,0.100982
15406,NECFLSHK,,653.922,3.49E+08,1.53533,0.0573116
15406,SLHTLFGDELCK,,754.433,1.42E+08,1.49784,-0.39962
15406,VPQVSTPTLVEVSR,,762.452,4.27E+08,1.68994,-0.386518
15406,YICDNQDTISSK,,678.899,6.34E+08,1.82116,0.163409
15408,EACFAVEGPK,,713.43,2.89E+08,1.89199,-0.0990397
15408,ECCHGDLLECADDR,,695.554,1.30E+08,1.62244,0.271834
15408,HLVDEPQNLIK,,718.515,8.43E+08,1.75806,0.370861
15408,LVNELTEFAK,,768.917,1.12E+09,1.5438,0.233067
15408,NECFLSHK,,654.078,4.16E+08,1.79439,0.0918028
15408,SLHTLFGDELCK,,755.495,1.31E+08,1.63011,-0.380825
15408,VPQVSTPTLVEVSR,,762.815,3.85E+08,1.75935,-0.339052
15408,YICDNQDTISSK,,679.174,4.90E+08,1.48507,0.157976
15411,EACFAVEGPK,,716.274,3.56E+08,2.11536,-0.00157777
15411,ECCHGDLLECADDR,,697.146,1.47E+08,1.58824,0.266533
15411,HLVDEPQNLIK,,721.356,1.35E+09,1.80858,0.330058
15411,LVNELTEFAK,,770.407,1.30E+09,1.63823,0.24911
15411,NECFLSHK,,656.209,3.46E+08,1.39205,0.196769
15411,SLHTLFGDELCK,,755.748,1.54E+08,1.47266,-0.260087
15411,VPQVSTPTLVEVSR,,763.692,4.80E+08,1.84089,-0.287789
15411,YICDNQDTISSK,,681.069,6.38E+08,1.742,0.430311
15414,EACFAVEGPK,,713.159,3.23E+08,2.07029,-0.150118
15414,ECCHGDLLECADDR,,693.328,53600000,1.75488,-0.0321961
15414,HLVDEPQNLIK,,717.987,1.25E+09,1.77348,0.141803
15414,LVNELTEFAK,,768.705,1.06E+09,1.69566,0.116141
15414,NECFLSHK,,656.651,2.45E+08,1.44545,-0.014683
15414,SLHTLFGDELCK,,754.154,91600000,1.39599,-0.230028
15414,VPQVSTPTLVEVSR,,761.807,3.94E+08,1.79363,-0.4201
15414,YICDNQDTISSK,,677.072,5.26E+08,1.89871,0.104718
15419,EACFAVEGPK,,714.019,1.20E+08,2.23003,-0.124033
15419,ECCHGDLLECADDR,,694.327,90800000,1.84068,-0.045862
15419,HLVDEPQNLIK,,719.121,6.43E+08,1.88848,0.0870562
15419,LVNELTEFAK,,768.318,1.08E+09,1.52535,0.123964
15419,NECFLSHK,,653.551,3.13E+08,1.66591,0.0902788
15419,SLHTLFGDELCK,,754.438,1.36E+08,1.55053,-0.309283
15419,VPQVSTPTLVEVSR,,762.069,4.13E+08,1.84234,-0.417231
15419,YICDNQDTISSK,,677.594,3.42E+08,1.71766,0.00850062
15426,ECCHGDLLECADDR,,694.395,1.45E+08,1.84781,0.0689652
15426,LVNELTEFAK,,769.214,1.13E+09,1.60998,0.126739
15426,NECFLSHK,,651.916,4.05E+08,1.66934,0.0446604
15426,SLHTLFGDELCK,,755.232,1.30E+08,1.54475,-0.337731
15426,VPQVSTPTLVEVSR,,762.895,4.30E+08,1.70624,-0.336114
15432,EACFAVEGPK,,715.083,1.14E+08,2.11292,0.142311
15432,ECCHGDLLECADDR,,696.597,57800000,1.66873,0.428143
15432,HLVDEPQNLIK,,719.695,4.55E+08,1.6016,0.542413
15432,LVNELTEFAK,,771.266,3.87E+08,1.56173,0.356756
15432,NECFLSHK,,657.471,1.50E+08,1.90094,0.289901
15432,SLHTLFGDELCK,,756.795,28300000,1.54381,-0.23578
15432,VPQVSTPTLVEVSR,,764.672,1.56E+08,1.75557,-0.155837
15432,YICDNQDTISSK,,680.416,2.08E+08,2.1435,0.204772
15439,EACFAVEGPK,,713.986,3.24E+08,2.09382,-0.145826
15439,ECCHGDLLECADDR,,693.517,50600000,1.74136,-0.0482949
15439,HLVDEPQNLIK,,718.759,1.18E+09,1.73203,0.124719
15439,LVNELTEFAK,,769.387,1.04E+09,1.56831,-0.0284746
15439,NECFLSHK,,655.043,3.85E+08,1.68447,0.00282476
15439,SLHTLFGDELCK,,754.638,1.20E+08,1.5369,-0.355837
15439,VPQVSTPTLVEVSR,,763.058,3.99E+08,1.82169,-0.355435
15439,YICDNQDTISSK,,678.479,3.94E+08,1.33136,0.1413
15445,EACFAVEGPK,,714.232,1.32E+08,2.04252,-0.122049
15445,ECCHGDLLECADDR,,693.582,60600000,1.94888,0.0598645
15445,HLVDEPQNLIK,,719.173,4.63E+08,1.72891,0.121687
15445,LVNELTEFAK,,770.263,4.20E+08,1.6369,0.0992346
15445,NECFLSHK,,654.77,1.90E+08,1.6508,0.176725
15445,SLHTLFGDELCK,,755.141,27100000,1.58921,-0.352044
15445,VPQVSTPTLVEVSR,,763.659,1.55E+08,1.88489,-0.401861
15445,YICDNQDTISSK,,677.702,3.80E+08,2.25698,0.0278495
15455,EACFAVEGPK,,712.564,3.46E+08,1.9505,-0.0754608
15455,ECCHGDLLECADDR,,694.17,86600000,1.80662,0.122441
15455,HLVDEPQNLIK,,717.064,1.29E+09,1.6585,0.226177
15455,LVNELTEFAK,,766.479,1.14E+09,1.57921,0.199909
15455,NECFLSHK,,652.725,4.27E+08,1.59281,0.0909887
15455,SLHTLFGDELCK,,751.618,1.35E+08,1.50428,-0.341602
15455,VPQVSTPTLVEVSR,,760.18,4.34E+08,1.74711,-0.376974
15455,YICDNQDTISSK,,677.12,3.84E+08,1.53867,0.405301
15463,EACFAVEGPK,,713.09,1.32E+08,1.94631,-0.00533232
15463,ECCHGDLLECADDR,,693.232,5.90E+07,1.90306,0.197246
15463,HLVDEPQNLIK,,717.736,4.48E+08,1.6556,0.301084
15463,LVNELTEFAK,,768.504,4.42E+08,1.51841,0.243131
15463,NECFLSHK,,653.012,2.05E+08,1.65248,0.249958
15463,SLHTLFGDELCK,,754.092,30900000,1.49302,-0.357079
15463,VPQVSTPTLVEVSR,,762.258,1.68E+08,1.74278,-0.280751
15463,YICDNQDTISSK,,676.774,2.71E+08,1.70532,0.220927
15470,EACFAVEGPK,,714.643,1.26E+08,1.96296,0.00349092
15470,ECCHGDLLECADDR,,695.981,54600000,1.88824,0.173502
15470,HLVDEPQNLIK,,719.185,4.75E+08,1.6264,0.236076
15470,LVNELTEFAK,,768.713,4.31E+08,1.59533,0.132136
15470,NECFLSHK,,655.426,2.02E+08,1.5751,0.175054
15470,SLHTLFGDELCK,,754.383,29100000,1.51421,-0.426065
15470,VPQVSTPTLVEVSR,,762.197,1.59E+08,1.75379,-0.424624
15470,YICDNQDTISSK,,680.216,2.55E+08,1.57912,0.20576
15478,EACFAVEGPK,,713.876,1.37E+08,2.0805,-0.0850741
15478,ECCHGDLLECADDR,,693.591,62200000,1.62364,0.0779483
15478,HLVDEPQNLIK,,718.812,5.31E+08,1.80205,0.165661
15478,LVNELTEFAK,,769.195,4.65E+08,1.46021,0.0472447
15478,NECFLSHK,,654.381,2.03E+08,1.72429,0.135721
15478,SLHTLFGDELCK,,754.427,3.30E+07,1.64786,-0.178192
15478,VPQVSTPTLVEVSR,,762.856,1.68E+08,1.87014,-0.356603
15478,YICDNQDTISSK,,678.938,2.96E+08,1.57093,0.00755028
15505,EACFAVEGPK,,711.927,2.63E+08,1.97006,-0.0935115
15505,ECCHGDLLECADDR,,693.35,2.20E+08,1.91178,-0.00222519
15505,HLVDEPQNLIK,,716.873,1.28E+09,1.75745,0.0609567
15505,LVNELTEFAK,,767.785,7.53E+08,1.63403,-0.0836294
15505,NECFLSHK,,652.072,3.44E+08,1.52788,-0.00610551
15505,SLHTLFGDELCK,,753.327,1.05E+08,1.60942,-0.534144
15505,VPQVSTPTLVEVSR,,761.547,40800000,1.7195,-0.462487
15505,YICDNQDTISSK,,677.935,5.11E+08,1.7381,-0.138489
15515,EACFAVEGPK,,713.094,1.10E+08,2.06512,-0.176904
15515,ECCHGDLLECADDR,,692.197,1.19E+08,1.90863,0.116685
15515,HLVDEPQNLIK,,718.382,5.24E+08,1.86656,0.0367416
15515,LVNELTEFAK,,767.234,4.04E+08,1.52988,0.0301862
15515,NECFLSHK,,652.12,3.25E+08,1.69374,0.0473961
15515,SLHTLFGDELCK,,753.338,29300000,1.62127,-0.440073
15515,VPQVSTPTLVEVSR,,761.178,18400000,1.64846,-0.512452
15515,YICDNQDTISSK,,676.219,2.38E+08,1.60325,0.000831306
15524,EACFAVEGPK,,717.799,1.39E+08,2.02394,-0.0159141
15524,ECCHGDLLECADDR,,698.405,1.39E+08,1.81667,0.440078
15524,HLVDEPQNLIK,,723.056,5.99E+08,1.83139,0.30392
15524,LVNELTEFAK,,773.633,4.86E+08,1.6396,0.190948
15524,NECFLSHK,,657.85,1.89E+08,1.78825,0.260039
15524,SLHTLFGDELCK,,758.975,38100000,1.5944,-0.372013
15524,VPQVSTPTLVEVSR,,767.368,25500000,1.81322,-0.227376
15524,YICDNQDTISSK,,682.259,2.83E+08,1.70465,0.159875
15532,EACFAVEGPK,,717.283,1.35E+08,2.03549,0.0987947
15532,ECCHGDLLECADDR,,696.702,1.31E+08,1.87223,0.776865
15532,HLVDEPQNLIK,,722.093,5.51E+08,1.79236,0.429163
15532,LVNELTEFAK,,771.397,4.53E+08,1.65233,0.348666
15532,NECFLSHK,,657.118,1.82E+08,1.63686,0.258467
15532,SLHTLFGDELCK,,756.703,40200000,1.54218,-0.288675
15532,VPQVSTPTLVEVSR,,765.088,26300000,1.83128,-0.310599
15532,YICDNQDTISSK,,680.4,2.37E+08,1.7481,0.32352
15542,EACFAVEGPK,,717.688,1.22E+08,1.90437,-0.086479
15542,ECCHGDLLECADDR,,698.236,1.25E+08,1.87468,0.314359
15542,HLVDEPQNLIK,,722.137,5.22E+08,1.71752,0.218954
15542,LVNELTEFAK,,772.911,4.48E+08,1.50737,0.0401463
15542,NECFLSHK,,656.586,1.75E+08,1.56555,0.111517
15542,SLHTLFGDELCK,,758.013,39100000,1.68,-0.493105
15542,VPQVSTPTLVEVSR,,766.513,28100000,1.9467,-0.420897
15542,YICDNQDTISSK,,681.81,2.63E+08,1.71066,0.101834
15549,EACFAVEGPK,,718.573,1.23E+08,2.0275,-0.0185859
15549,ECCHGDLLECADDR,,698.871,1.24E+08,1.81014,0.392453
15549,HLVDEPQNLIK,,723.33,5.43E+08,1.67741,0.256492
15549,LVNELTEFAK,,772.591,5.18E+08,1.53867,0.197754
15549,NECFLSHK,,657.044,1.67E+08,1.59639,0.220051
15549,SLHTLFGDELCK,,758.387,41600000,1.68215,-0.276811
15549,VPQVSTPTLVEVSR,,766.493,33800000,1.7768,-0.305642
15549,YICDNQDTISSK,,682.179,2.63E+08,1.74476,0.156335
15557,EACFAVEGPK,,720.715,1.23E+08,1.983,-0.0914269
15557,ECCHGDLLECADDR,,702.295,1.17E+08,1.8358,0.288672
15557,HLVDEPQNLIK,,725.237,4.95E+08,1.72128,0.175813
15557,LVNELTEFAK,,776.982,5.07E+08,1.54364,0.11
15557,NECFLSHK,,662.645,1.62E+08,1.58726,0.152739
15557,SLHTLFGDELCK,,762.295,43300000,1.62179,-0.381757
15557,VPQVSTPTLVEVSR,,770.705,39800000,1.76264,-0.34974
15557,YICDNQDTISSK,,685.197,2.56E+08,1.74895,0.096382
15564,EACFAVEGPK,,719.997,1.16E+08,1.97682,-0.139094
15564,ECCHGDLLECADDR,,700.63,99200000,1.76721,0.0594246
15564,HLVDEPQNLIK,,724.944,4.98E+08,1.87088,0.0980177
15564,LVNELTEFAK,,776.448,4.83E+08,1.6273,0.0517898
15564,NECFLSHK,,659.851,1.58E+08,1.61146,0.115717
15564,SLHTLFGDELCK,,762.295,43300000,1.54419,-0.456538
15564,VPQVSTPTLVEVSR,,770.276,44300000,1.89212,-0.483201
15564,YICDNQDTISSK,,684.452,2.32E+08,1.76728,-0.0293818
15568,EACFAVEGPK,,720.015,1.10E+08,1.99972,-0.173285
15568,ECCHGDLLECADDR,,699.302,91600000,1.84331,-0.0340002
15568,HLVDEPQNLIK,,724.64,4.54E+08,1.59654,-0.0150804
15568,LVNELTEFAK,,775.848,4.84E+08,1.53563,0.0823809
15568,NECFLSHK,,659.382,1.51E+08,1.66754,0.0890454
15568,SLHTLFGDELCK,,760.669,36900000,1.52112,-0.565488
15568,VPQVSTPTLVEVSR,,769.711,47600000,1.88855,-0.319126
15568,YICDNQDTISSK,,683.974,2.28E+08,1.66698,-0.0505971
15572,EACFAVEGPK,,719.403,1.11E+08,1.89845,-0.100252
15572,ECCHGDLLECADDR,,701.493,1.00E+08,1.7444,0.191617
15572,HLVDEPQNLIK,,723.978,4.71E+08,1.64924,0.147826
15572,LVNELTEFAK,,775.475,4.83E+08,1.54516,0.151241
15572,NECFLSHK,,660.782,1.69E+08,1.62743,0.245545
15572,SLHTLFGDELCK,,761.382,41400000,1.60293,-0.30349
15572,VPQVSTPTLVEVSR,,769.415,50800000,1.73305,-0.330451
15572,YICDNQDTISSK,,686.192,2.48E+08,1.67743,0.187453
15576,EACFAVEGPK,,721.223,1.20E+08,2.02425,-0.136366
15576,ECCHGDLLECADDR,,701.996,1.01E+08,1.89374,0.257304
15576,HLVDEPQNLIK,,725.965,4.93E+08,1.75205,0.150868
15576,LVNELTEFAK,,776.032,5.03E+08,1.63444,0.248765
15576,NECFLSHK,,663.164,2.24E+08,1.83155,0.143607
15576,SLHTLFGDELCK,,761.578,3.80E+07,1.56015,-0.273277
15576,VPQVSTPTLVEVSR,,769.698,62700000,1.78458,-0.342611
15576,YICDNQDTISSK,,686.287,2.61E+08,1.5983,0.128483
15579,EACFAVEGPK,,724.971,1.28E+08,2.10828,-0.0233038
15579,ECCHGDLLECADDR,,705.673,1.06E+08,1.71158,0.414913
15579,HLVDEPQNLIK,,729.81,4.97E+08,1.81496,0.27718
15579,LVNELTEFAK,,782.172,5.11E+08,1.6598,0.240891
15579,NECFLSHK,,666.611,3.42E+08,1.6879,0.118937
15579,SLHTLFGDELCK,,766.808,4.30E+07,1.57197,-0.233392
15579,VPQVSTPTLVEVSR,,775.579,67500000,1.89357,-0.364284
15579,YICDNQDTISSK,,691.289,2.73E+08,1.66851,0.175346
15582,EACFAVEGPK,,731.9,1.22E+08,2.08464,-0.0178293
15582,ECCHGDLLECADDR,,711.693,96200000,1.84915,0.434393
15582,HLVDEPQNLIK,,736.867,4.98E+08,1.87412,0.353501
15582,LVNELTEFAK,,788.701,4.91E+08,1.60739,0.284015
15582,NECFLSHK,,670.868,1.65E+08,1.60543,0.228219
15582,SLHTLFGDELCK,,774.383,38400000,1.51372,-0.374712
15582,VPQVSTPTLVEVSR,,782.163,7.50E+07,1.85034,-0.369666
15582,YICDNQDTISSK,,695.648,2.51E+08,1.66136,0.251339
15585,EACFAVEGPK,,727.438,1.15E+08,2.112,-0.0999433
15585,ECCHGDLLECADDR,,707.029,88300000,1.80559,0.226998
15585,HLVDEPQNLIK,,732.363,4.88E+08,1.84476,0.278127
15585,LVNELTEFAK,,782.79,4.59E+08,1.59304,0.172603
15585,NECFLSHK,,667.809,1.59E+08,1.61073,0.198041
15585,SLHTLFGDELCK,,769,38100000,1.68885,-0.43865
15585,VPQVSTPTLVEVSR,,776.713,76800000,1.80989,-0.392893
15585,YICDNQDTISSK,,690.956,2.40E+08,1.73116,0.106775
15589,EACFAVEGPK,,729.657,1.24E+08,2.13489,-0.0119457
15589,ECCHGDLLECADDR,,709.5,92500000,1.78698,0.286503
15589,HLVDEPQNLIK,,734.518,5.03E+08,1.8758,0.252542
15589,LVNELTEFAK,,786.413,4.71E+08,1.56284,0.201865
15589,NECFLSHK,,672.305,1.62E+08,1.57707,0.246061
15589,SLHTLFGDELCK,,771.243,35100000,1.69404,-0.362126
15589,VPQVSTPTLVEVSR,,780.096,86800000,1.90765,-0.345026
15589,YICDNQDTISSK,,694.49,2.60E+08,1.69075,0.176185
15592,EACFAVEGPK,,712.179,1.06E+08,2.04757,-0.0982167
15592,ECCHGDLLECADDR,,693.325,67700000,1.97069,-0.0355212
15592,HLVDEPQNLIK,,716.945,4.34E+08,1.73428,-0.0182722
15592,LVNELTEFAK,,766.373,4.19E+08,1.5879,-0.0782418
15592,NECFLSHK,,653.046,1.31E+08,1.99163,0.0366476
15592,VPQVSTPTLVEVSR,,760.117,79300000,1.63993,-0.346356
15592,YICDNQDTISSK,,677.751,1.96E+08,1.7757,-0.197289
15595,EACFAVEGPK,,711.863,1.13E+08,2.03259,0.0861633
15595,ECCHGDLLECADDR,,691.537,80600000,1.91194,0.615831
15595,HLVDEPQNLIK,,716.592,4.49E+08,1.8746,0.307178
15595,LVNELTEFAK,,766.452,4.16E+08,1.5145,0.181516
15595,NECFLSHK,,652.944,1.48E+08,1.57578,0.331073
15595,SLHTLFGDELCK,,752.379,3.50E+07,1.5394,-0.165452
15595,VPQVSTPTLVEVSR,,760.589,80100000,1.77672,-0.36592
15595,YICDNQDTISSK,,675.121,2.10E+08,1.89091,0.215853
15599,EACFAVEGPK,,711.905,97500000,1.84775,-0.112767
15599,ECCHGDLLECADDR,,692.152,63900000,1.72537,-0.0409775
15599,HLVDEPQNLIK,,716.595,3.87E+08,1.64555,0.0242871
15599,LVNELTEFAK,,766.865,3.88E+08,1.57602,0.0217284
15599,NECFLSHK,,651.609,1.49E+08,1.69027,0.10268
15599,SLHTLFGDELCK,,752.257,30800000,1.57986,-0.526346
15599,VPQVSTPTLVEVSR,,760.708,79800000,1.85324,-0.425854
15599,YICDNQDTISSK,,676.1,1.81E+08,1.58844,0.00149857
15603,EACFAVEGPK,,712.977,1.28E+08,2.02123,0.00834757
15603,ECCHGDLLECADDR,,694.454,75200000,1.71424,0.351891
15603,HLVDEPQNLIK,,718.24,4.86E+08,1.83881,0.291365
15603,LVNELTEFAK,,768.43,4.72E+08,1.5156,0.271714
15603,NECFLSHK,,653.603,1.53E+08,1.69072,0.215763
15603,SLHTLFGDELCK,,753.998,32800000,1.51408,-0.41812
15603,VPQVSTPTLVEVSR,,762.129,96300000,1.80087,-0.383672
15603,YICDNQDTISSK,,679.211,2.41E+08,1.87354,0.21197
15606,EACFAVEGPK,,712.083,1.18E+08,2.04959,0.022106
15606,ECCHGDLLECADDR,,694.23,79400000,1.74097,0.422226
15606,HLVDEPQNLIK,,717.098,4.65E+08,1.76196,0.316574
15606,LVNELTEFAK,,766.204,4.44E+08,1.60343,0.20472
15606,NECFLSHK,,655.332,1.48E+08,1.72594,0.201351
15606,SLHTLFGDELCK,,752.875,30500000,1.4797,-0.307929
15606,VPQVSTPTLVEVSR,,760.07,94500000,1.62891,-0.324133
15606,YICDNQDTISSK,,678.089,2.42E+08,1.83134,0.214728
15631,EACFAVEGPK,,722.738,3.52E+08,2.31337,-0.115512
15631,ECCHGDLLECADDR,,702.401,1.64E+08,2.16805,-0.00321362
15631,HLVDEPQNLIK,,727.031,1.50E+09,2.00221,0.229476
15631,LVNELTEFAK,,778.006,1.05E+09,1.9164,0.116301
15631,NECFLSHK,,663.441,4.46E+08,2.01706,0.0619268
15631,SLHTLFGDELCK,,762.686,1.37E+08,1.94824,-0.493261
15631,VPQVSTPTLVEVSR,,771.667,3.04E+08,2.18716,-0.4204
15631,YICDNQDTISSK,,687.269,6.13E+08,1.95479,0.0851972
15632,EACFAVEGPK,,718.941,1.29E+08,2.33851,-0.198133
15632,ECCHGDLLECADDR,,698.458,92600000,2.0822,0.0416928
15632,HLVDEPQNLIK,,723.831,5.21E+08,2.0757,0.058054
15632,LVNELTEFAK,,774.423,5.35E+08,1.86813,0.0900284
15632,NECFLSHK,,659.75,3.73E+08,1.82375,0.0274358
15632,SLHTLFGDELCK,,760.128,42200000,1.52538,-0.409257
15632,VPQVSTPTLVEVSR,,768.181,1.30E+08,2.0567,-0.386446
15632,YICDNQDTISSK,,682.596,5.38E+08,2.07845,0.0206332
15636,EACFAVEGPK,,728.571,1.22E+08,2.20518,-0.147311
15636,ECCHGDLLECADDR,,709.809,65800000,2.09994,-0.0225265
15636,HLVDEPQNLIK,,732.708,5.14E+08,2.01153,0.0690054
15636,LVNELTEFAK,,784.652,5.03E+08,1.94218,0.145038
15636,NECFLSHK,,664.86,2.03E+08,2.01092,0.26437
15636,SLHTLFGDELCK,,770.047,31700000,1.91598,-0.393641
15636,VPQVSTPTLVEVSR,,778.128,1.35E+08,2.01583,-0.272793
15636,YICDNQDTISSK,,693.254,2.54E+08,2.05881,0.0357981
15640,EACFAVEGPK,,714.93,1.06E+08,2.33524,-0.173819
15640,ECCHGDLLECADDR,,694.525,43100000,1.6222,0.0137337
15640,HLVDEPQNLIK,,720.173,4.13E+08,1.95415,-0.0497131
15640,LVNELTEFAK,,771.377,3.89E+08,1.79489,-0.0234598
15640,NECFLSHK,,652.083,1.59E+08,1.93188,0.165526
15640,SLHTLFGDELCK,,757.162,26400000,1.85212,-0.418183
15640,VPQVSTPTLVEVSR,,765.229,1.09E+08,2.01663,-0.401528
15640,YICDNQDTISSK,,676.445,2.10E+08,1.97993,-0.0360916
15643,EACFAVEGPK,,715.88,1.16E+08,2.3163,-0.0868406
15643,ECCHGDLLECADDR,,696.823,5.70E+07,1.98192,0.0861812
15643,HLVDEPQNLIK,,721.058,4.96E+08,2.18583,0.224663
15643,LVNELTEFAK,,773.154,4.24E+08,1.7377,0.118298
15643,NECFLSHK,,656.682,1.63E+08,2.12501,0.156711
15643,SLHTLFGDELCK,,758.128,34100000,1.13962,-0.275785
15643,VPQVSTPTLVEVSR,,766.777,1.22E+08,1.97662,-0.387612
15643,YICDNQDTISSK,,680.545,2.27E+08,2.26841,0.172322
15646,EACFAVEGPK,,714.599,1.08E+08,2.25076,-0.154678
15646,ECCHGDLLECADDR,,694.204,50900000,2.11866,-0.0472173
15646,HLVDEPQNLIK,,719.801,3.78E+08,1.78305,-0.0957211
15646,LVNELTEFAK,,769.429,4.17E+08,1.80149,0.0436942
15646,NECFLSHK,,652.525,1.43E+08,1.609,0.109022
15646,SLHTLFGDELCK,,755.233,23600000,1.80615,-0.536808
15646,VPQVSTPTLVEVSR,,763.161,1.09E+08,1.90535,-0.432145
15646,YICDNQDTISSK,,677.315,1.92E+08,1.92538,-0.0915708
15649,EACFAVEGPK,,716.201,1.26E+08,2.08243,0.0500454
15649,ECCHGDLLECADDR,,695.243,61600000,2.30178,0.252403
15649,HLVDEPQNLIK,,721.196,4.70E+08,1.95926,0.375841
15649,LVNELTEFAK,,770.799,4.77E+08,1.71875,0.351886
15649,NECFLSHK,,653.715,1.53E+08,1.60708,0.231117
15649,SLHTLFGDELCK,,756.05,28600000,1.67914,-0.231833
15649,VPQVSTPTLVEVSR,,764.663,1.27E+08,2.04898,-0.350777
15649,YICDNQDTISSK,,679.366,2.32E+08,2.0033,0.157768
15735,EACFAVEGPK,,714.925,1.27E+08,2.3079,0.0268203
15735,ECCHGDLLECADDR,,695.25,5.40E+07,2.00941,0.230821
15735,HLVDEPQNLIK,,719.959,4.85E+08,1.90156,0.329041
15735,LVNELTEFAK,,771.744,4.35E+08,1.75033,0.23112
15735,NECFLSHK,,656.53,1.58E+08,2.11212,0.258775
15735,SLHTLFGDELCK,,757.879,3.00E+07,1.82262,-0.337299
15735,VPQVSTPTLVEVSR,,765.438,1.22E+08,1.99255,-0.344872
15735,YICDNQDTISSK,,679.185,2.41E+08,2.12325,0.190273
15741,EACFAVEGPK,,717.001,1.00E+08,2.22589,-0.116701
15741,ECCHGDLLECADDR,,697.337,48700000,2.11459,-0.0365214
15741,HLVDEPQNLIK,,722.356,4.61E+08,2.18965,0.205427
15741,LVNELTEFAK,,775.509,3.98E+08,1.82998,0.0547784
15741,NECFLSHK,,658.438,1.70E+08,1.81145,0.191045
15741,SLHTLFGDELCK,,760.674,2.50E+07,1.64044,-0.626574
15741,VPQVSTPTLVEVSR,,769.018,1.19E+08,1.90611,-0.391199
15741,YICDNQDTISSK,,682.556,1.85E+08,1.92037,0.0468125
15744,EACFAVEGPK,,717.624,1.05E+08,2.31032,-0.0627215
15744,ECCHGDLLECADDR,,696.825,46100000,2.12423,0.0734426
15744,HLVDEPQNLIK,,723.249,3.99E+08,2.1217,0.211465
15744,LVNELTEFAK,,772.786,4.25E+08,1.86948,0.1463
15744,NECFLSHK,,656.806,1.38E+08,1.94719,0.111278
15744,SLHTLFGDELCK,,758.956,2.80E+07,1.84357,-0.49547
15744,VPQVSTPTLVEVSR,,766.738,1.22E+08,1.98295,-0.390808
15744,YICDNQDTISSK,,680.552,1.98E+08,1.89217,0.0550727
15748,EACFAVEGPK,,713.613,1.16E+08,2.30708,-0.0264792
15748,ECCHGDLLECADDR,,692.894,4.40E+07,2.04703,0.086307
15748,HLVDEPQNLIK,,718.546,4.31E+08,1.97562,0.171334
15748,LVNELTEFAK,,766.944,4.24E+08,1.77554,0.0628461
15748,NECFLSHK,,651.509,1.32E+08,1.86422,0.234929
15748,SLHTLFGDELCK,,752.423,29800000,1.79914,-0.412873
15748,VPQVSTPTLVEVSR,,760.699,1.18E+08,1.96924,-0.377294
15748,YICDNQDTISSK,,676.754,2.17E+08,1.67396,0.319046
15751,EACFAVEGPK,,713.948,1.02E+08,2.10813,-0.133049
15751,ECCHGDLLECADDR,,694.272,40800000,2.12594,0.0941036
15751,HLVDEPQNLIK,,719.023,4.69E+08,1.82778,0.220539
15751,LVNELTEFAK,,768.422,4.24E+08,1.70843,0.0956636
15751,NECFLSHK,,652.8,1.50E+08,1.86971,0.158409
15751,SLHTLFGDELCK,,754.322,27600000,1.67745,-0.53112
15751,VPQVSTPTLVEVSR,,762.371,1.20E+08,1.879,-0.428357
15751,YICDNQDTISSK,,678.743,2.00E+08,1.86216,0.153038
15754,EACFAVEGPK,,713.935,1.04E+08,2.14108,-0.0077517
15754,ECCHGDLLECADDR,,694.221,41900000,2.00462,-0.000334296
15754,HLVDEPQNLIK,,719.041,3.98E+08,1.90004,0.21389
15754,LVNELTEFAK,,768.808,3.80E+08,1.71651,0.154576
15754,NECFLSHK,,654.463,1.43E+08,2.04275,0.280413
15754,SLHTLFGDELCK,,754.535,26200000,1.7311,-0.243589
15754,VPQVSTPTLVEVSR,,762.836,1.12E+08,1.89205,-0.247074
15754,YICDNQDTISSK,,679.104,2.02E+08,1.80473,0.236381
15757,EACFAVEGPK,,714.847,1.06E+08,2.24854,-0.143754
15757,ECCHGDLLECADDR,,694.414,43900000,2.19246,0.0494017
15757,HLVDEPQNLIK,,720.038,4.32E+08,1.94322,0.125037
15757,LVNELTEFAK,,768.97,4.08E+08,1.75819,0.19645
15757,NECFLSHK,,653.245,1.59E+08,1.81071,0.218807
15757,SLHTLFGDELCK,,753.546,24300000,1.79651,-0.471945
15757,VPQVSTPTLVEVSR,,762.36,1.16E+08,1.99612,-0.394451
15757,YICDNQDTISSK,,679.001,2.08E+08,1.7973,0.102781