Instrument_Category,Instrument,Dataset_ID,Acq_Time_Start,Acq_Length,Dataset_Type,Curated_Quality,XIC_WideFrac,XIC_FWHM_Q1,XIC_FWHM_Q2,XIC_FWHM_Q3,XIC_Height_Q2,XIC_Height_Q3,XIC_Height_Q4,RT_Duration,RT_TIC_Q1,RT_TIC_Q2,RT_TIC_Q3,RT_TIC_Q4,RT_MS_Q1,RT_MS_Q2,RT_MS_Q3,RT_MS_Q4,RT_MSMS_Q1,RT_MSMS_Q2,RT_MSMS_Q3,RT_MSMS_Q4,MS1_TIC_Change_Q2,MS1_TIC_Change_Q3,MS1_TIC_Change_Q4,MS1_TIC_Q2,MS1_TIC_Q3,MS1_TIC_Q4,MS1_Count,MS1_Freq_Max,MS1_Density_Q1,MS1_Density_Q2,MS1_Density_Q3,MS2_Count,MS2_Freq_Max,MS2_Density_Q1,MS2_Density_Q2,MS2_Density_Q3,MS2_PrecZ_1,MS2_PrecZ_2,MS2_PrecZ_3,MS2_PrecZ_4,MS2_PrecZ_5,MS2_PrecZ_more,MS2_PrecZ_likely_1,MS2_PrecZ_likely_multi,SMAQC_Job,C_1A,C_1B,C_2A,C_2B,C_3A,C_3B,C_4A,C_4B,C_4C,DS_1A,DS_1B,DS_2A,DS_2B,DS_3A,DS_3B,IS_1A,IS_1B,IS_2,IS_3A,IS_3B,IS_3C,MS1_1,MS1_2A,MS1_2B,MS1_3A,MS1_3B,MS1_5A,MS1_5B,MS1_5C,MS1_5D,MS2_1,MS2_2,MS2_3,MS2_4A,MS2_4B,MS2_4C,MS2_4D,P_1A,P_1B,P_2A,P_2B,P_2C,P_3,P_2Anorm,BinomResp,LLRC.Prediction
LTQ_IonTrap,LTQ_2,282975,8/16/12,59,MS-MSn,good,0.266996,29.0551,33.8659,42.3671,1.0563,1.55671,2.98974,3542.05,0.172397,0.0753755,0.0802277,0.672,0.235512,0.23641,0.264781,0.263297,0.235483,0.235835,0.26427,0.264412,1.24363,1.74699,1.76284,1.28235,2.07739,0.482878,933,0.302439,1314,1363,1496,9311,3.02916,152,398,740.5,0,0,0,0,0,0,0.25196,0.74804,869084,0,0.001145,9.8515,44.2572,32.53,32.75,35.96,28.79,26.34,6.547,9.5,175,1752,1.393,1.084,1,0,820.4543,0.003425,0.491438,0,2.867,38.265,76461,33.382,313000,-0.109828,0.24557,-54.625,-54.624,30.104,135.4,855,0.0021,0.0298,0.193,0.2301,7,-6.998,860,774,724,0.01105,0.49086758,0,0.98
LTQ_IonTrap,LTQ_2,283033,8/17/12,59,MS-MSn,poor,0.264614,28.5386,33.3869,41.1145,0.49049,2.07879,4.43694,3540.86,0.538893,0.0393581,0.0597097,0.362039,0.247955,0.25847,0.231482,0.262094,0.263894,0.256547,0.225565,0.253994,1.0073,1.38878,3.37847,0.208856,2.39211,2.01856,932,0.311874,1522,1581,1606,8998,3.13314,4,203.5,725,0,0,0,0,0,0,0.318071,0.681929,869292,0,0.005405,5.6019,49.626,35.26,44.59,20.91,28.39,55.51,5.343,16.75,99,987,1.405,1.074,0,0,951.4824,0.020725,0.417098,0,10,22.36,134310,29.669,401000,-0.013773,0.236689,-6.594,-6.169,38.205,95.495,881,8.00E-04,0.024,0.1803,0.211,7.03,-7.029,547,468,430,0.013953,0.554204661,1,0.94
LTQ_IonTrap,LTQ_2,283036,8/17/12,59,MS-MSn,good,0.288905,25.1486,29.4718,37.2729,1.78469,1.10188,2.83215,3542.15,0.272344,0.126945,0.124076,0.476635,0.247767,0.230495,0.250207,0.271532,0.247484,0.229978,0.249691,0.272846,1.22925,0.998279,2.06012,1.65317,0.458753,0.175123,969,0.300374,1435,1486,1542,9671,3.00711,402.5,674,852,0,0,0,0,0,0,0.101747,0.898253,869297,0.000627,0.003133,13.9771,57.0218,32.07,41.72,24.08,24.83,52.59,5.628,7.32,248,2475,1.476,1.106,0,0,872.2955,0.033421,0.370273,0,0.381,48.315,94461.5,20.502,366000,-0.032592,0.222091,-16.88,-16.866,35.874,134.5,844,0.0107,0.1591,0.2242,0.2885,7.32,-7.319,1563,1345,1230,0.021138,0.631515152,0,0
LTQ_IonTrap,LTQ_2,283049,8/17/12,59,MS-MSn,poor,0.231296,29.6617,34.8467,43.733,1.54014,0.568894,4.19101,3542.49,0.300885,0.0386334,0.174084,0.486398,0.272591,0.272676,0.286904,0.16783,0.249598,0.237978,0.25225,0.260174,1.57029,1.07293,5.08779,1.85752,0.739063,2.54834,1011,1.51382,1360,1413,1502.5,8915,3.08698,144,422,758,0,0,0,0,0,0,0.291868,0.708132,869317,0,0.073298,7.5984,12.7658,72.95,110.68,26.93,26.49,114.52,6.1,2.5,121,1210,1.722,1.156,1,2,1003.368,0.016393,0.54918,0,2.584,12.075,49637.5,25.823,333000,0.000114,0.239573,0.086,0.258,83.534,58.15,946,0,0.0052,0.0186,0.0873,6.85,-6.848,188,92,86,0.011628,0.155371901,1,1
LTQ_IonTrap,LTQ_2,283094,8/18/12,59,MS-MSn,poor,0.248356,29.2308,33.9272,41.8736,0.250572,0.394302,5.9356,3539.36,0.794326,0.0194528,0.018185,0.168036,0.446746,0.453935,0.0658155,0.0335036,0.240507,0.23942,0.240435,0.279638,2.74948,1.68285,6.42897,4.25682,0.438014,4.73807,1662,3.75243,55,1463.5,1610,8363,3.125,3,75,159,0,0,0,0,0,0,0.597154,0.402846,869411,0,0,1.1645,42.0781,35.23,49.84,49.46,21.76,60.4,5.167,4,22,213,1.391,1.102,2,4,894.949,0.027027,0.256757,0,10,16.235,119180,10.838,483000,0.014362,0.219316,3.884,12.953,20.497,87.57,895,0,0.0085,0.0494,0.1039,6.88,-6.878,95,81,77,0,0.44600939,1,1
LTQ_IonTrap,LTQ_2,283096,8/18/12,60,MS-MSn,good,0.271072,27.2562,32.494,40.3262,0.661483,0.794052,3.03284,3540.79,0.317931,0.109964,0.140351,0.431753,0.256835,0.235357,0.250884,0.256924,0.256748,0.235223,0.250716,0.257312,1.13976,0.83843,2.0877,0.629878,0.800828,0.364982,907,0.279559,1362,1443,1493.5,9064,2.81279,344,547,750,0,0,0,0,0,0,0.15865,0.84135,869416,0,0,13.0704,35.1175,32.08,44.26,25.66,25.49,47.53,6.919,11,213,2123,1.327,1.051,0,0,779.4063,0.003096,0.419505,0,1.639,44.01,33728,18.268,133000,-0.102791,0.24453,-54.531,-54.333,77.188,130.8,814,0.0079,0.0465,0.1437,0.2278,7.05,-7.051,897,823,777,0.021879,0.422515309,0,0.59
LTQ_IonTrap,LTQ_2,283099,8/18/12,59,MS-MSn,poor,0.238776,29.0671,34.3655,42.3513,0.927867,0.428718,2.61742,3539.36,0.327767,0.118425,0.176755,0.377052,0.42957,0.422914,0.120345,0.0271699,0.241921,0.238594,0.240697,0.278787,1.82886,2.2495,4.56766,3.88956,2.47858,2.92441,1507,4.16451,164,1114,1396.5,8397,2.6492,161,254,322,0,0,0,0,0,0,0.802072,0.197928,869425,0,0,0.5612,7.1276,46.09,46.03,20.34,69.23,29.99,4,0,9,92,1.87,1.107,4,3,855.1218,0,0.5,0,10,4.627,109030,1.368,319000,-0.163692,0.270781,-89.194,-59.846,88.908,40.125,800,0,0,0,0.0039,6.19,-6.188,6,5,5,0,0.065217391,1,1
LTQ_IonTrap,LTQ_2,283102,8/18/12,59,MS-MSn,poor,0.237843,32.7043,38.826,49.9679,1.00539,0.47567,3.62293,3539.29,0.407551,0.143639,0.178721,0.270089,0.461764,0.45543,0.050441,0.0323652,0.239926,0.238695,0.234309,0.28707,3.06012,2.09601,3.34417,4.87923,1.88758,0.921181,1608,4.02704,30.75,1230,1388,8308,2.54193,155,422,705,0,0,0,0,0,0,0.242778,0.757222,869434,0,0.004274,10.3873,22.4312,91.7,108.32,30.07,98.18,112.9,9.405,6.167,156,1559,1.351,1.056,2,3,807.1623,0,0.677419,0,10,28.26,10643,8.137,44100,-0.061661,0.248362,-32.598,-32.36,100,89.08,792,0.008,0.0494,0.0797,0.1297,6.92,-6.915,460,408,391,0.01023,0.295060936,1,0.99
LTQ_IonTrap,LTQ_2,283114,8/18/12,59,MS-MSn,poor,0.228543,32.2081,37.5929,47.1419,0.825202,0.452418,2.5332,3539.29,0.378575,0.205646,0.130103,0.285677,0.382911,0.39821,0.170439,0.048441,0.241551,0.245036,0.250281,0.263132,6.72183,1.47111,4.06559,8.35688,1.85034,2.45007,1368,2.60292,1,972,1288.25,8121,2.67508,62,197,267,0,0,0,0,0,0,0.854328,0.145672,869477,0,0,0,NA,78.02,103.32,35.24,56.94,155.66,0,0,0,1,6.883,0,16,21,855.1218,0,0,0,10,0,0,0,80176,0.281212,0.281212,109.748,109.748,100,0,470,0,0,0,0.001,5.84,-5.842,1,1,1,0,1,1,1
LTQ_IonTrap,LTQ_2,283117,8/18/12,59,MS-MSn,poor,0.220104,29.8467,34.8149,43.7668,0.520365,0.426734,2.80298,3539.31,0.299955,0.137546,0.191564,0.370936,0.35475,0.362446,0.244564,0.0382399,0.241801,0.242985,0.246717,0.268498,1.74866,1.11951,4.73285,3.8739,0.866578,2.33415,1251,3.14634,332.5,1311,1397,8496,2.53184,105,202,268,0,0,0,0,0,0,0.781662,0.218338,869487,0,0,0,NA,61.66,61.77,34.73,40.3,43.99,0,0,0,1,2.208,0,23,24,971.4905,0,0,0,9.488,0,0,0,141971,0.451797,0.451797,155.18,155.18,100,0,1036,0,0,0,7.00E-04,6.15,-6.149,1,1,1,0,1,1,1
LTQ_IonTrap,LTQ_2,283121,8/19/12,60,MS-MSn,poor,0.253177,34.1084,39.5508,48.9034,0.429802,0.768852,2.69962,3542.21,0.286514,0.350303,0.200724,0.16246,0.244969,0.250464,0.254268,0.250299,0.244974,0.250343,0.254263,0.250419,0.727587,0.712017,3.06706,0.0979693,0.1506,1.70469,882,0.259478,1403.25,1538.5,1582,8812,2.60459,71,156,192,0,0,0,0,0,0,0.526214,0.473786,869501,0,0,5.932,2.1915,24.26,23.46,21.77,42.32,23.47,6,0,88,880,1.185,1,0,0,936.9679,0,1.4,0,10,13.73,1332,6.651,4418,-0.024935,0.268484,-7.546,-6.183,100,17.135,205,0.0048,0.0029,0.0087,0.0067,6.6,-6.597,23,21,20,0.05,0.026136364,1,1
LTQ_IonTrap,LTQ_2,283161,8/20/12,59,MS-MSn,good,0.284229,25.3494,30.0646,38.2206,1.58857,0.870319,3.01205,3541.33,0.270995,0.126597,0.126953,0.475454,0.246481,0.23274,0.252525,0.268254,0.246646,0.232527,0.252427,0.268399,1.13548,0.983802,2.19594,1.37697,0.536979,0.221047,953,0.297701,1446,1497,1536,9524,2.98004,340.75,641,828,0,0,0,0,0,0,0.104473,0.895527,869692,0,0.003922,13.9678,54.6256,32.02,42.76,24.15,26.63,48.65,5.553,6.63,242,2419,1.462,1.099,1,0,860.703,0.032638,0.354488,0,0.509,45.805,75940,17.238,283677,-0.037846,0.227953,-19.377,-19.253,45.562,128.5,828,0.0074,0.1382,0.2221,0.2945,7.25,-7.252,1492,1291,1187,0.023589,0.616783795,0,0
LTQ_IonTrap,LTQ_2,283166,8/20/12,59,MS-MSn,poor,0.22172,32.433,38.677,47.6842,1.18689,1.30586,3.54595,3539.21,0.444294,0.0511491,0.237568,0.266989,0.256755,0.259688,0.270475,0.213082,0.248744,0.244224,0.251483,0.255549,1.28179,1.30379,3.29033,2.14629,0.361146,2.47577,952,0.532784,1304,1413,1511.5,8858,3.1057,11.25,281,543,0,0,0,0,0,0,0.518966,0.481034,869700,0,0,1.1408,16.655,56.09,69.37,27.38,33.32,72.34,34,0,20,203,1.572,1.09,15,15,663.393,0.035714,0.25,0,2.0075,37.95,60409,2.79,453889,-0.102801,0.281328,-81.117,-79.745,21.649,108.8,838,0,0,0,0.0272,6.62,-6.624,36,35,35,0,0.177339901,1,1
LTQ_IonTrap,LTQ_2,283469,8/22/12,59,MS-MSn,poor,0.239747,33.0177,38.9571,49.0789,0.415124,0.380166,6.44482,3539.47,0.429673,0.341354,0.0902287,0.138744,0.467297,0.465152,0.0344316,0.0331202,0.237798,0.238833,0.235917,0.287452,1.34795,2.5821,5.37434,0.686627,3.29867,2.82064,1642,3.76097,78,403.5,1479,8363,2.57405,211,292,371,0,0,0,0,0,0,0.165132,0.834868,870492,0,0,13.2906,7.9756,60.73,68.14,27.84,47.45,71,11.333,7.5,199,1987,1.236,1.004,1,0,791.1609,0,0.590909,0,10,11.7,2086.2,6.007,8309,-0.037047,0.239108,-15.934,-15.057,100,34.54,417,0.0092,0.0266,0.0488,0.0293,6.89,-6.894,207,193,185,0.016216,0.104177151,1,1
LTQ_IonTrap,LTQ_2,283486,8/22/12,59,MS-MSn,poor,0.234571,33.0026,38.9592,49.0853,0.382584,0.569896,6.02962,3539.42,0.581198,0.257536,0.0433702,0.117896,0.479363,0.455255,0.0317597,0.0336222,0.23325,0.237129,0.236883,0.292738,1.19749,2.50229,5.64526,0.241634,3.04603,3.51579,1711,4.02533,71,87,1422,8377,2.59037,103,173,218,0,0,0,0,0,0,0.243643,0.756357,870524,0,0.018519,7.9978,3.501,57.77,57.25,30.13,75.58,65.17,4.375,8,120,1206,1.385,1.013,0,1,919.9677,0,1.347826,0,10,12.85,1014.35,10.013,4635,-0.091386,0.265753,-44.517,-41.366,100,20.585,244,0.002,0.0072,0.0145,0.0118,6.8,-6.796,52,47,43,0.023256,0.043117745,1,1
LTQ_IonTrap,LTQ_2,283489,8/23/12,59,MS-MSn,poor,0.234342,32.877,38.6404,47.9697,0.391439,0.756903,6.12154,3539.41,0.551486,0.271777,0.054779,0.121959,0.469192,0.465351,0.0326933,0.0327639,0.232935,0.236315,0.238785,0.291965,1.26896,2.19514,5.28388,0.386714,2.61544,3.13357,1685,3.97282,69,95,1390,8398,2.5784,64,133,178,0,0,0,0,0,0,0.316266,0.683734,870531,0,0,6.48,1.3889,54.85,52.91,31.45,81.05,52.84,3.333,0,97,974,1.32,1.062,0,1,959.4897,0,1.666667,0,10,12.225,930.3695,6.92,4577,0.054823,0.266002,27.688,39.939,100,17.66,220,0,0.0015,0.009,0.0015,6.73,-6.73,16,14,13,0,0.016427105,1,1
LTQ_IonTrap,LTQ_2,283491,8/23/12,59,MS-MSn,poor,0.242039,34.2319,39.6243,48.9892,0.355431,0.586858,5.97083,3539.31,0.605352,0.231928,0.0468078,0.115912,0.460357,0.470864,0.0367248,0.0320536,0.233518,0.237544,0.239073,0.289865,1.37028,2.18455,5.08301,2.25619,0.85854,3.32531,1650,3.82101,72,1020,1418,8416,2.60587,87,150,192,0,0,0,0,0,0,0.287904,0.712096,870536,0,0,5.1308,3.3133,56.71,53.87,28.16,91.64,55.01,5.333,1.5,77,774,1.297,0.954,0,1,892.469,0,1.133333,0,10,12.65,995.362,9.352,3620,0.008288,0.197057,3.02,7.714,100,19.385,204,0.0035,0.0042,0.0085,0.0063,6.78,-6.778,30,25,21,0.047619,0.03875969,1,1
LTQ_IonTrap,LTQ_2,283495,8/23/12,59,MS-MSn,poor,0.230596,33.4853,39.3523,49.4885,0.392461,0.641127,4.32985,3539.46,0.496566,0.318707,0.0678581,0.116869,0.463044,0.470005,0.03568,0.0312703,0.231982,0.23609,0.239846,0.292081,1.33375,1.99307,5.50924,0.536338,2.38271,3.43186,1670,3.8251,71,98,1391,8413,2.60176,53,122,173,0,0,0,0,0,0,0.378343,0.621657,870544,0,0,2.3748,2.9476,53.62,52.96,27.56,80.69,49.63,3.5,0,36,358,1.015,0.871,0,1,960.3202,0,0.833333,0,10,13.29,880.2745,2.476,3104,-0.018186,0.168956,-9.014,0.111,100,12.925,191,0,0.0017,0.0075,0,6.69,-6.686,11,10,9,0,0.030726257,1,1
LTQ_IonTrap,LTQ_2,283498,8/23/12,59,MS-MSn,poor,0.236061,34.0285,39.7615,50.386,0.403953,0.692155,3.56354,3539.2,0.55016,0.283447,0.0667305,0.0996629,0.401988,0.414169,0.152175,0.0316669,0.231289,0.235614,0.238976,0.294121,3.59543,1.50186,6.78302,6.06712,0.235735,4.5209,1447,3.34939,11,1194,1435,8358,2.61511,82.25,141,187,0,0,0,0,0,0,0.340751,0.659249,870550,0,0,5.5367,2.1674,76.66,72.83,38.92,110.66,78.12,2.75,4,83,832,1.184,1.067,4,4,947.4888,0,1.444444,0,10,12.6,1009.2,5.56,3666,0.032918,0.221258,15.306,18.809,100,20.925,224,0,0.003,0.0098,0.0038,6.74,-6.743,21,20,15,0.066667,0.025240385,1,1
LTQ_IonTrap,LTQ_2,283511,8/23/12,59,MS-MSn,poor,0.227784,35.2219,41.5682,53.7435,0.403746,1.03697,4.0564,3539.31,0.339885,0.438975,0.0668904,0.15425,0.38584,0.40226,0.170563,0.041337,0.228984,0.231114,0.238802,0.3011,5.95142,1.44176,4.25971,8.73356,0.265522,2.87152,1401,3.05979,1,1184,1465,8271,2.61121,64.5,142,191,0,0,0,0,0,0,0.40636,0.59364,870589,0,0,4.0971,2.1967,71.19,68.97,34.12,76.72,65.76,10,1,62,619,1.046,0.937,4,3,947.4888,0,1.5,0,10,13.19,1028.55,10.909,4163,-0.161366,0.228662,-67.091,-62.36,100,18.47,214,0.0026,0.0017,0.0087,0,6.66,-6.657,15,13,12,0,0.024232633,1,1
LTQ_IonTrap,LTQ_2,283513,8/23/12,59,MS-MSn,poor,0.213943,26.1541,31.1327,40.1701,1.46615,1.03722,3.7612,3540.91,0.532672,0.023087,0.138117,0.306123,0.055653,0.0575371,0.184328,0.702482,0.355373,0.222657,0.210498,0.211472,0.842168,1.18288,9.14126,0.381569,0.973066,7.96848,3617,4.88132,35,45,63,7502,3.14179,9,167,472,0,0,0,0,0,0,0.378432,0.621568,870605,0,0,1.9771,20.7374,48.66,81.29,52.36,21.82,149.59,11.6,5,35,350,1.439,1.108,1,0,787.4238,0,0.396552,0,10,10.075,106920,27.045,350367,0.002444,0.206288,1.732,2.072,21.398,72.545,863,0,0.0073,0.01,0.0563,6.85,-6.846,81,67,66,0,0.231428571,1,1
LTQ_IonTrap,LTQ_2,283514,8/23/12,59,MS-MSn,good,0.272863,31.0365,36.1754,46.3033,0.967415,1.56939,2.3572,3540.36,0.179122,0.114464,0.109284,0.59713,0.236938,0.23579,0.26241,0.264862,0.237688,0.235592,0.262133,0.264587,1.09916,0.836623,2.60971,0.668542,1.77059,0.339416,937,0.302815,1472,1538,1583,9360,3.03769,478,700,859,0,0,0,0,0,0,0.0728632,0.927137,870627,0.004532,0.012085,13.724,48.1638,35.72,43.44,27.7,31.97,61.3,5.591,4.4,232,2326,1.498,1.134,0,0,881.9376,0.030366,0.356021,0,1.657,31.06,87322,57.286,255415,0.011669,0.216149,5.73,6.568,50.831,103.2,845,0.0217,0.0756,0.2181,0.2584,7.19,-7.192,1301,977,901,0.021088,0.559329321,0,0.04
LTQ_IonTrap,LTQ_2,283580,8/23/12,59,MS-MSn,poor,0.179831,26.4107,32.9897,41.6316,0.294559,0.281659,2.06612,3539.73,0.177636,0.107617,0.344485,0.370262,0.0810465,0.158103,0.374389,0.386462,0.275184,0.243077,0.235145,0.246594,1.45452,3.73519,5.30553,0.277809,4.14739,3.06851,1870,4.28222,72,91,1293,8280,2.64223,103,223,328,0,0,0,0,0,0,0.385024,0.614976,870800,0.011765,0.035294,18.2291,2.3589,91.57,78.32,82.01,97.43,87.64,17,0.333,271,2712,1.796,1.428,0,1,649.8386,0,0.103896,0,10,29.895,55.0895,4.931,21837,0.030459,0.178133,24.166,25.662,100,72.59,452,7.00E-04,0.0074,0.0242,0.0248,6.78,-6.777,84,30,29,0.034483,0.030973451,1,1
LTQ_IonTrap,LTQ_2,283584,8/23/12,59,MS-MSn,poor,0.164334,17.4897,23.0632,31.0333,0.250761,0.312457,1.81652,3541.4,0.868021,0.0341999,0.0385417,0.0592374,0.250259,0.148119,0.147511,0.454111,0.0929329,0.396526,0.421298,0.0892429,1.01443,0.662111,10.0161,0.139089,0.123104,8.07215,8201,4.19294,55,62,68,3286,2.67881,22,256,382,0,0,0,0,0,0,0.499391,0.500609,870858,0,0,0.5184,5.787,92.98,100.03,83.53,37.55,118.8,0,0,7,80,1.818,1,7,6,868.0456,0,2,0,10,7.739,23477,1.01,78500,-0.153488,0.160234,-74.757,-41.577,100,74.34,1001,0,0.0061,0,0,6.67,-6.671,3,3,3,0,0.0375,1,1
LTQ_IonTrap,LTQ_2,283599,8/23/12,59,MS-MSn,poor,0.228326,36.7986,44.3848,59.5062,0.718481,1.33759,2.41194,3541.79,0.185597,0.0845535,0.0946209,0.635228,0.237379,0.234948,0.262809,0.264863,0.23739,0.234959,0.262786,0.264866,1.25323,1.1563,2.6798,0.302781,2.0724,0.276465,932,0.304658,1304,1407,1531.25,9320,3.0563,386.75,681,838,0,0,0,0,0,0,0.181438,0.818562,870927,0,0.006659,9.3357,47.9878,35.78,37.28,29.5,32.14,43.82,5.67,4.762,163,1629,1.505,1.129,1,0,888.4805,0.024272,0.433657,0,1.993,26.5,101410,28.858,321000,-0.018616,0.229611,-10.192,-9.928,37.267,90.8,880,0.0023,0.0202,0.1811,0.2158,6.99,-6.994,879,745,684,0.020468,0.539594843,1,0.99
LTQ_IonTrap,LTQ_2,283606,8/23/12,59,MS-MSn,poor,0.248573,33.4586,40.1081,52.7228,0.634415,1.70201,2.26964,3541.1,0.189781,0.0776503,0.0891578,0.643411,0.238221,0.235043,0.262407,0.264329,0.238292,0.234695,0.261983,0.26503,1.11972,1.06423,2.6804,0.246179,2.13104,0.363085,930,0.306802,1256,1370,1525,9285,3.08012,365,691,843,0,0,0,0,0,0,0.18126,0.81874,870956,0,0.002545,9.0928,43.221,33.49,36.35,21.59,27.46,47.06,6.973,6.727,159,1595,1.494,1.141,1,0,904.6708,0.017078,0.474383,0,2.196,25.49,100920,32.932,319000,-0.044396,0.230715,-21.747,-21.675,36.857,95.43,899,0.0028,0.0169,0.1423,0.2057,6.96,-6.962,769,640,601,0.019967,0.482131661,1,0.98
LTQ_IonTrap,LTQ_2,283610,8/23/12,59,MS-MSn,poor,0.245403,33.499,40.4269,54.1618,0.54091,1.35018,2.84652,3539.14,0.194813,0.070067,0.0829902,0.65213,0.239688,0.236214,0.261722,0.262375,0.239462,0.235553,0.261025,0.26396,1.14618,1.20547,2.72945,0.482768,2.01946,0.609309,927,0.307599,1267.5,1348,1526.5,9246,3.08532,350,687,844,0,0,0,0,0,0,0.167316,0.832684,870967,0,0.012107,8.5569,48.0314,32,33.35,21.17,26.55,45.87,6.193,6.917,150,1501,1.545,1.161,2,0,907.4863,0.018349,0.497248,0,2.407,27.28,101130,37.24,342000,-0.013301,0.227076,-6.919,-6.9,36.916,89.68,898,5.00E-04,0.0165,0.1453,0.2244,6.99,-6.991,806,664,610,0.018033,0.53697535,1,1
LTQ_IonTrap,LTQ_2,283614,8/23/12,59,MS-MSn,poor,0.248213,33.2552,39.5891,51.2872,0.53347,1.87431,2.51138,3539.28,0.194195,0.073018,0.085373,0.647414,0.242558,0.239415,0.265111,0.252916,0.239572,0.234831,0.260908,0.264689,1.14708,1.07888,2.92794,0.271063,2.08454,0.566595,938,0.399317,1241,1345,1525,9234,3.0758,294,687,837,0,0,0,0,0,0,0.179121,0.820879,870978,0,0.005263,8.3424,45.5504,33.65,35.69,25.36,28.4,44.17,5.726,7.636,146,1466,1.561,1.19,1,1,904.456,0.011429,0.43619,0,2.472,27.025,105745,21.696,345000,-0.03979,0.225117,-20.746,-20.711,36.114,86.02,903,9.00E-04,0.0085,0.1374,0.2099,6.97,-6.972,742,620,573,0.027923,0.506139154,1,0.99
LTQ_IonTrap,LTQ_2,283618,8/23/12,59,MS-MSn,poor,0.258709,32.1699,38.1386,49.3463,0.396702,1.65084,2.80701,3542.31,0.196955,0.0640108,0.0793374,0.659697,0.240322,0.236719,0.260245,0.262715,0.240517,0.236755,0.260073,0.262655,1.01005,1.17498,2.83443,0.357552,1.94902,0.84529,922,0.308768,1265,1345,1515,9215,3.09932,310.5,665,828,0,0,0,0,0,0,0.163104,0.836896,870989,0,0.012228,8.1314,45.2567,32.27,32.5,21.59,32.25,38.74,5.779,7,142,1423,1.53,1.153,0,1,901.8987,0.016985,0.545648,0,2.759,26.31,98846,53.969,317000,-0.024991,0.227849,-13.768,-13.23,40.108,95.875,895,0.0028,0.0135,0.1088,0.2176,6.99,-6.992,722,587,537,0.018622,0.507378777,1,0.96
LTQ_IonTrap,LTQ_2,283633,8/24/12,59,MS-MSn,poor,0.264551,31.3783,37.3646,47.5428,0.437935,1.1157,3.27293,3542.14,0.215827,0.0531909,0.0712464,0.659736,0.243563,0.239029,0.259287,0.258122,0.242647,0.237699,0.258064,0.261591,1.00054,1.17387,3.03402,0.369549,0.916277,1.94135,915,0.308925,1212,1303,1494,9106,3.10318,223,614,781,0,0,0,0,0,0,0.181419,0.818581,871021,0.001757,0.012302,6.646,42.582,33.68,32.27,26.02,27.17,29.7,7.362,3.133,115,1153,1.547,1.149,1,2,944.8186,0.016854,0.581461,0,3.061,27.945,88909,46.824,285000,-0.052511,0.228988,-25.6,-25.543,45.452,87.395,910,0.0029,0.0121,0.061,0.1976,6.93,-6.931,556,443,411,0.017032,0.482220295,1,1
LTQ_IonTrap,LTQ_2,283639,8/24/12,59,MS-MSn,poor,0.236339,28.9869,33.8533,43.2641,0.361151,0.562875,3.70142,3542.01,0.223031,0.0493897,0.0697364,0.657843,0.223732,0.250905,0.274291,0.251071,0.24466,0.23622,0.255097,0.264023,1.05714,1.08092,3.30046,1.11086,0.357859,2.55533,968,0.832941,1203.75,1289,1443,9004,3.08592,220,596,778,0,0,0,0,0,0,0.186695,0.813305,871033,0,0.007984,6.3459,39.5531,40.06,41.44,26.13,24.94,31.41,5.709,9.167,110,1097,1.499,1.16,5,6,943.5151,0.00974,0.616883,0,3.3065,24.73,81294,38.876,281000,-0.088553,0.243103,-50.821,-50.09,43.96,79.14,901,0.0025,0.0069,0.0515,0.1862,6.95,-6.945,488,398,372,0.026882,0.44484959,1,1
LTQ_IonTrap,LTQ_2,283641,8/24/12,59,MS-MSn,poor,0.224073,29.9281,35.6628,45.8947,0.322627,0.544611,3.9058,3540.48,0.224583,0.0553512,0.0711905,0.648875,0.107676,0.0351676,0.323157,0.533999,0.282226,0.229146,0.242209,0.24642,1.03696,4.43548,4.01901,0.171991,5.03932,2.85079,1884,3.92989,66,80,1251,8524,3.06625,297.75,632,809.25,0,0,0,0,0,0,0.188292,0.811708,871038,0,0.004651,6.0632,35.4598,60.43,68.02,43.72,28.7,65.51,7.462,3.9,105,1052,1.534,1.143,3,5,939.3489,0.01476,0.571956,0,10,21.9,82291,21.498,261000,-0.035453,0.232344,-18.289,-18.074,45.558,79.245,934,5.00E-04,0.0036,0.0499,0.1663,6.94,-6.937,421,366,339,0.017699,0.400190114,1,1
LTQ_IonTrap,LTQ_2,283646,8/24/12,59,MS-MSn,poor,0.23636,30.8229,35.7362,44.8587,0.299692,0.556123,4.29966,3540.09,0.226314,0.0452301,0.0670517,0.661404,0.10772,0.174934,0.355041,0.362305,0.260303,0.235043,0.25072,0.253933,3.76768,1.48252,4.08408,4.55514,0.50053,2.9685,1292,3.86494,67,1207,1350,8834,3.10893,257,582,755,0,0,0,0,0,0,0.179307,0.820693,871045,0,0.015152,6.4215,35.9729,36.43,36.44,20.39,29.49,29.87,8.647,3.778,110,1102,1.623,1.201,1,1,940.6945,0.014134,0.618375,0,5.262,28.14,82513,52.496,287000,-0.061851,0.241063,-29.224,-28.864,49.086,83.915,888,0.002,0.0055,0.0494,0.173,6.94,-6.943,452,365,339,0.020649,0.410163339,1,1
LTQ_IonTrap,LTQ_2,283706,8/24/12,59,MS-MSn,good,0.276136,27.1376,32.4705,40.9466,1.41843,0.973077,2.81925,3540.63,0.300185,0.142855,0.131571,0.42539,0.252538,0.238992,0.249975,0.258495,0.251367,0.237782,0.248451,0.2624,1.12938,0.791532,2.00985,1.35773,0.337671,0.248145,922,0.28128,1410,1499,1560,9173,2.8148,399,657,814,0,0,0,0,0,0,0.116647,0.883353,871518,0.001591,0,13.7785,45.4331,39.31,53.94,39.94,24.34,64.37,6.35,9.333,224,2244,1.388,1.105,0,0,823.9115,0.02967,0.351648,0,0.783,37.22,37558,12.012,155000,-0.003076,0.220998,-1.646,-1.468,70.669,129.5,816,0.0164,0.1284,0.1893,0.2515,7.25,-7.251,1230,1110,1033,0.018393,0.548128342,0,0
LTQ_IonTrap,LTQ_2,283709,8/24/12,59,MS-MSn,good,0.297098,24.1172,28.2449,35.3943,1.52094,0.535477,3.11971,3539.04,0.218615,0.15873,0.148436,0.474219,0.240638,0.23693,0.25117,0.271262,0.240259,0.236496,0.25066,0.272584,1.14839,0.778023,2.24675,1.3682,0.233765,0.164741,963,0.292822,1476,1530,1570,9613,2.94462,460,719,865,0,0,0,0,0,0,0.0987205,0.90128,871560,0.000608,0.004863,15.8912,51.6009,33.36,47.11,22.31,24.08,51.14,5.94,5.412,273,2735,1.472,1.094,0,0,850.3865,0.042142,0.402107,0,0.43,41.68,68266,13.331,258000,-0.02197,0.217666,-10.457,-10.349,46.83,126.8,845,0.0293,0.1926,0.2346,0.2604,7.36,-7.355,1599,1402,1291,0.026336,0.58464351,0,0
LTQ_IonTrap,LTQ_2,283712,8/24/12,59,MS-MSn,good,0.282805,25.5768,30.3673,38.6615,1.64948,0.644177,2.99463,3541.84,0.228925,0.128777,0.135529,0.506769,0.242004,0.231903,0.253524,0.272569,0.241607,0.231584,0.252999,0.27381,1.10301,0.82367,1.84714,1.57411,0.39447,0.250075,964,0.299568,1328,1400.5,1514,9625,2.99676,464,701,840,0,0,0,0,0,0,0.0938182,0.906182,871569,0,0,15.4276,40.5766,35.28,49.79,24.53,26.53,56.83,5.884,7,271,2715,1.417,1.098,0,0,798.7481,0.020134,0.384787,0,0.5135,50.83,68764,15.072,277000,-0.051364,0.227459,-27.761,-27.633,37.745,130.65,848,0.0212,0.1394,0.1752,0.2172,7.27,-7.267,1226,1088,1015,0.02266,0.451565378,0,0
LTQ_IonTrap,LTQ_2,283732,8/24/12,59,MS-MSn,good,0.28097,26.8555,31.8923,39.6936,1.6011,0.784439,3.37634,3541.58,0.226493,0.122112,0.131222,0.520174,0.241917,0.230583,0.253193,0.274307,0.241793,0.23044,0.253145,0.274622,1.27305,0.853942,1.92352,1.56944,0.429543,0.340647,970,0.301947,1220.25,1333,1456,9695,3.02207,466,695,834,0,0,0,0,0,0,0.0893244,0.910676,871617,0,0,15.5075,39.7872,33.52,45.29,23.72,27.41,54.53,6.217,6,276,2764,1.506,1.119,0,0,784.8775,0.018328,0.403207,0,0.4855,56.15,75084,18.46,329000,-0.077296,0.237188,-42.468,-42.21,31.151,137.55,842,0.0211,0.124,0.1855,0.2113,7.22,-7.22,1201,1067,998,0.027054,0.434515195,0,0
LTQ_IonTrap,LTQ_2,283736,8/24/12,59,MS-MSn,good,0.290656,25.4103,29.9256,36.4457,2.00432,0.668507,3.28019,3542.68,0.220166,0.121049,0.13031,0.528474,0.240996,0.230529,0.254072,0.274402,0.240903,0.230401,0.253955,0.274741,1.35372,0.829737,1.84258,1.85634,0.419402,0.424473,969,0.302386,1229,1334,1448,9685,3.02851,438,669,827,0,0,0,0,0,0,0.0956118,0.904388,871625,0,8.00E-04,15.9275,39.1147,33.02,42.37,23.75,28.55,51.59,6.836,5.333,283,2836,1.507,1.139,1,0,786.9152,0.018519,0.428241,0,0.488,60.05,73152,21.448,331000,-0.088365,0.236483,-48.577,-48.482,31.665,145.7,850,0.0252,0.1473,0.1699,0.2083,7.24,-7.242,1224,1088,1015,0.019704,0.431593794,0,0
LTQ_IonTrap,LTQ_2,283738,8/24/12,59,MS-MSn,good,0.284211,23.9667,28.3079,35.8414,1.31394,0.58048,2.97547,3542.19,0.224495,0.124029,0.131271,0.520206,0.242042,0.230723,0.253763,0.273471,0.241563,0.230208,0.253117,0.275112,1.1961,0.79895,1.79624,1.62616,0.381577,0.290631,971,0.301344,1226,1317,1424,9690,3.01541,460,689.5,835,0,0,0,0,0,0,0.0985552,0.901445,871629,0,0,15.5012,37.61,34.54,47.09,24.65,25.9,56.51,5.849,8.688,277,2766,1.539,1.131,0,0,782.4099,0.016867,0.391566,0,0.466,57.23,75234.5,18.786,344538,-0.072486,0.237503,-42.862,-42.76,31.412,143.75,847,0.0199,0.1273,0.1627,0.2046,7.2,-7.203,1148,1029,958,0.015658,0.415039769,0,0
LTQ_IonTrap,LTQ_2,283746,8/25/12,59,MS-MSn,good,0.279754,26.3545,31.6786,39.9884,1.5901,0.761036,2.98366,3541.06,0.224108,0.118136,0.123137,0.534619,0.242976,0.229734,0.256281,0.27101,0.242624,0.229456,0.255875,0.272046,1.16904,0.979557,2.3977,1.66682,0.518499,0.385517,960,0.299918,1186,1268,1371.25,9587,2.99976,439,649,822,0,0,0,0,0,0,0.0989882,0.901012,871649,0,0,14.945,35.2626,34.66,45.69,28.68,28.54,55.55,6.067,7.5,265,2645,1.456,1.119,0,0,775.2388,0.008152,0.429348,0,0.6435,53.64,63101,19.338,277000,-0.105841,0.24823,-55.878,-55.533,35.505,146.1,861,0.0153,0.1263,0.152,0.1808,7.15,-7.153,1031,909,853,0.023447,0.38979206,0,0
LTQ_IonTrap,LTQ_2,284455,8/28/12,59,MS-MSn,poor,0.223941,34.1287,40.171,50.812,1.5966,1.27403,1.52639,3539.37,0.578617,0.0807209,0.112641,0.228022,0.405469,0.408366,0.146945,0.0392199,0.240001,0.246692,0.2381,0.275208,1.50617,1.74978,4.48627,1.96638,1.85021,2.65289,1439,3.06588,172.5,1061,1231,8471,2.5692,75,137,549,0,0,0,0,0,0,0.486011,0.513989,872720,0,0,6.6013,9.5436,120.14,151.1,31.72,64.33,151.69,7.909,5.5,100,1001,1.422,1.036,0,0,868.0456,0,0.850746,0,10,11.11,21531,6.879,75000,-0.043087,0.253135,-24.095,-22.675,100,76.19,857,0.0038,0.0206,0.0431,0.0487,6.8,-6.804,124,107,102,0,0.123876124,1,1
LTQ_IonTrap,LTQ_2,284459,8/28/12,59,MS-MSn,good,0.260602,25.9814,30.5508,38.2539,0.687259,0.502488,3.03562,3539.46,0.325059,0.123063,0.138421,0.413456,0.397106,0.396745,0.162617,0.0435314,0.24823,0.231321,0.240012,0.280437,2.75544,1.91419,2.46083,3.93456,1.65944,0.772411,1423,3.35288,203.5,945,1272,8607,2.76879,367.5,525,745,0,0,0,0,0,0,0.188567,0.811433,872727,0.001359,0.001359,15.3193,24.0873,62.53,82.66,35.6,24.22,78.59,7.077,9.75,240,2403,1.544,1.101,0,0,747.3651,0.002008,0.475904,0,7.096,39.62,21246,13.36,102000,-0.09532,0.238867,-53.968,-53.891,98.323,129.2,823,0.0248,0.1002,0.1202,0.1513,7.07,-7.073,728,663,631,0.011094,0.30295464,0,0.18
LTQ_IonTrap,LTQ_2,284466,8/29/12,59,MS-MSn,poor,0.246552,35.1351,40.7441,50.4898,0.324496,0.383824,3.22776,3539.64,0.526557,0.213909,0.11381,0.145724,0.434222,0.425229,0.100574,0.039975,0.244133,0.240332,0.235387,0.280148,1.42672,1.31665,4.25932,2.24383,1.27796,2.29454,1492,3.87074,86,835,1269,8339,2.53507,182,257,310,0,0,0,0,0,0,0.265619,0.734381,872743,0,0,13.0726,2.3714,71.89,72.88,41.32,99.25,69.88,4.444,9,196,1959,1.186,1.004,0,0,876.1037,0,1.44,0,10,15.185,1533.3,5.992,6800,-0.004331,0.273126,-2.44,2.736,100,26.52,356,0.0043,0.0061,0.0134,0.0134,6.81,-6.805,61,54,50,0,0.031138336,1,1
LTQ_IonTrap,LTQ_2,284469,8/29/12,59,MS-MSn,good,0.251024,25.9764,31.1563,39.7492,0.952929,0.635096,2.29425,3539.47,0.328836,0.109182,0.119733,0.44225,0.400364,0.407339,0.156428,0.0358687,0.249358,0.230435,0.239431,0.280776,2.23098,2.01395,3.16555,3.20356,2.0715,0.939341,1458,3.47572,153.25,776.5,1154,8545,2.73547,362,515,763,0,0,0,0,0,0,0.129901,0.870099,872749,0,0.001217,15.6029,26.3413,49.42,75,35.03,24.22,83.38,6.955,12.714,243,2435,1.448,1.115,0,0,742.0291,0,0.478417,0,10,39.665,16574,18.596,90300,-0.106444,0.250356,-57.814,-56.069,100,142.2,820,0.0167,0.1045,0.1479,0.1594,7.11,-7.108,808,741,704,0.015625,0.331827515,0,0.24
LTQ_IonTrap,LTQ_2,284473,8/29/12,59,MS-MSn,good,0.258267,24.5058,29.7852,37.9096,1.04147,0.553752,2.74271,3539.39,0.328122,0.10682,0.130403,0.434655,0.435731,0.448972,0.0795137,0.0357841,0.246491,0.230644,0.237013,0.285852,1.94642,2.52496,3.0375,1.91037,3.25209,1.2385,1588,3.88952,81.75,712,1068.5,8437,2.7102,367,516,760,0,0,0,0,0,0,0.124689,0.875311,872759,0.001145,0,15.4442,28.2954,55.66,78.37,38.22,27.02,78.67,7.655,7.909,238,2383,1.443,1.096,0,0,751.8978,0.001764,0.537919,0,10,39.54,15856,17.178,83800,-0.100628,0.249938,-55.325,-55.307,100,138.25,818,0.0199,0.1251,0.1502,0.1616,7.14,-7.144,858,786,749,0.018692,0.360050357,0,0.06
LTQ_IonTrap,LTQ_2,284475,8/29/12,59,MS-MSn,good,0.260154,26.1906,30.9312,39.5245,0.89285,0.620955,2.01533,3539.13,0.332165,0.118944,0.135209,0.413682,0.444935,0.445703,0.0724968,0.0368654,0.246053,0.230478,0.237607,0.285862,1.83578,2.87974,2.73441,2.05599,3.36362,1.05327,1578,3.72594,125.25,662.5,1100,8445,2.67118,379,537,767,0,0,0,0,0,0,0.120782,0.879218,872771,0,0,15.7948,25.1349,57.99,78.88,34.42,31.46,87.34,8.013,9.5,243,2433,1.435,1.093,0,0,741.3645,0,0.468519,0,10,36.12,15328.5,15.407,79300,-0.107766,0.252216,-63.164,-63.056,100,129.45,827,0.0277,0.0939,0.1435,0.1476,7.09,-7.092,779,715,683,0.01757,0.320180847,0,0.19
LTQ_IonTrap,LTQ_2,284485,8/29/12,59,MS-MSn,good,0.258935,30.8484,36.5792,46.076,0.81965,0.727158,1.80182,3539.94,0.331473,0.12436,0.141831,0.402335,0.457511,0.452493,0.0558179,0.0341788,0.244527,0.235527,0.236076,0.28387,2.13477,2.49785,2.70187,2.20883,2.88627,1.05769,1587,4.01441,68,621,1061,8338,2.56529,351,487,713,0,0,0,0,0,0,0.138402,0.861598,872800,0,0,15.3002,25.0977,64.52,79.97,37.7,59.33,84.28,9.2,5.417,229,2295,1.424,1.098,0,0,748.3932,0,0.474088,0,10,35.27,9596.1,19.809,52500,-0.114721,0.245431,-65.374,-64.277,100,127.3,781,0.0358,0.0833,0.1345,0.1553,7.12,-7.119,754,692,664,0.016566,0.328540305,0,0.54
LTQ_IonTrap,LTQ_2,284570,8/29/12,59,MS-MSn,good,0.257435,27.6363,33.0941,41.7353,0.744502,0.579525,2.59857,3539.36,0.335595,0.121588,0.149749,0.393069,0.450318,0.448593,0.0651772,0.0359123,0.243918,0.236349,0.235248,0.284486,1.89151,2.57221,2.62385,2.23879,2.37795,0.954208,1573,3.77887,75,730,1054,8305,2.52414,333,481,688,0,0,0,0,0,0,0.152197,0.847803,872875,0.001304,0,14.9479,25.6223,65.76,77.87,40.96,61.4,81.59,7.012,16.6,223,2232,1.371,1.06,0,0,743.5415,0,0.578189,0,10,35.15,8439,16.436,46100,-0.121276,0.250526,-73.969,-73.879,100,122,758,0.0308,0.089,0.1419,0.151,7.13,-7.126,757,692,663,0.012066,0.339157706,0,0.29
LTQ_IonTrap,LTQ_2,284585,8/29/12,59,MS-MSn,good,0.264385,30.5771,36.0246,45.3992,0.79762,0.912165,1.95139,3542.66,0.325738,0.119704,0.135006,0.419552,0.254813,0.2462,0.246568,0.252419,0.254705,0.246162,0.246498,0.252636,1.1956,0.861469,1.91209,0.76149,0.786255,0.685805,871,0.252464,829,1017,1202,8707,2.53084,290,468,712,0,0,0,0,0,0,0.177214,0.822786,872907,0,0,15.0651,26.8833,35.16,53.88,28.7,24.68,60.99,8.56,15,226,2257,1.43,1.087,0,0,760.3786,0,0.528409,0,4.903,36.77,9896.45,17.201,53400,-0.101716,0.251475,-55.207,-55.197,100,128.6,786,0.0164,0.0774,0.1526,0.1812,7.14,-7.143,789,732,704,0.024148,0.349579087,0,0.55
LTQ_IonTrap,LTQ_2,284616,8/30/12,59,MS-MSn,poor,0.242184,38.6649,46.2554,59.4374,0.690469,0.95619,4.11229,3540.99,0.751061,0.0321415,0.0253054,0.191492,0.255119,0.256935,0.248245,0.239701,0.255146,0.256933,0.248089,0.239832,0.982347,1.63825,4.6907,1.10266,1.61819,2.87536,870,0.29915,762,866.5,1394,8700,2.99399,151,229,337,0,0,0,0,0,0,0.467241,0.532759,872964,0,0,1.8902,38.0912,33.2,50.16,24.14,28.83,60.18,4.9,0,32,327,1.561,1.235,0,0,849.4517,0.027778,0.287037,0,10,44.13,1763.55,9.411,273500,-0.021419,0.21766,-9.759,-9.315,39.413,100.65,878,0,6.00E-04,0.0019,0.0868,6.74,-6.74,142,126,119,0,0.434250765,1,1
LTQ_IonTrap,LTQ_2,284717,8/30/12,59,MS-MSn,good,0.294433,25.0926,29.3526,37.3932,1.17247,0.588228,2.96547,3539.99,0.189347,0.171967,0.162655,0.47603,0.234977,0.23611,0.252474,0.276439,0.234925,0.236109,0.252548,0.276418,1.03658,0.694439,2.23145,1.01062,0.127544,0.331656,970,0.304777,1497,1541,1579,9700,3.05589,463,716,871,0,0,0,0,0,0,0.065567,0.934433,873046,0.000558,0.001673,16.3763,54.53,34.83,49.67,31.57,24.84,55.86,5.099,5.575,285,2853,1.445,1.098,0,0,864.9512,0.040031,0.340262,0,0.329,45.485,88827.5,11.81,313514,-0.009601,0.222365,-4.407,-4.336,38.383,125,843,0.0122,0.1878,0.2615,0.2891,7.35,-7.349,1750,1499,1385,0.020939,0.613389415,0,0
LTQ_IonTrap,LTQ_2,284725,8/30/12,59,MS-MSn,poor,0.24289,29.2011,35.1603,44.9286,1.57767,1.7159,4.4671,3539.46,0.478524,0.0699135,0.0840836,0.367479,0.447076,0.485734,0.0337423,0.0334476,0.260896,0.230395,0.209318,0.299391,1.04155,4.25015,4.18806,0.251085,5.5668,2.24095,1905,4.13122,61,75,1219,8650,3.08189,263,517,771,0,0,0,0,0,0,0.222197,0.777803,873071,0.002548,0.005096,8.7267,44.9196,53.47,68.35,28.97,20.49,69.54,7.986,7,154,1543,1.527,1.153,2,1,891.8055,0.01938,0.501938,0,10,66.33,65020.5,15.327,369832,-0.023896,0.229178,-11.059,-11.021,33.258,103.95,878,0.001,0.0277,0.1685,0.1972,6.99,-6.99,763,674,629,0.030207,0.494491251,1,0.96
LTQ_IonTrap,LTQ_2,285364,9/4/12,59,MS-MSn,poor,0.247931,39.9004,45.6527,57.9499,0.46385,0.626434,3.99992,3539.18,0.809379,0.032976,0.0220491,0.135595,0.251473,0.25458,0.254601,0.239346,0.251493,0.254596,0.254594,0.239317,0.775251,0.8485,5.2103,0.427052,0.379631,3.54999,870,0.299968,1449.25,1500,1561,8700,3.01546,196,287,406,0,0,0,0,0,0,0.376897,0.623103,874249,0,0,1.5392,25.3378,29.32,29.39,23.9,32.3,25.04,5.875,2.667,27,268,1.612,1.086,0,0,688.3753,0.035088,0.298246,0,7.0295,25.95,3451.3,142.314,293942,0.009606,0.228942,7.308,9.545,43.952,104.9,803,0.0011,0.0027,0.0016,0.0361,6.77,-6.772,76,62,59,0,0.28358209,1,1
LTQ_IonTrap,LTQ_2,285368,9/4/12,59,MS-MSn,good,0.288438,27.9766,32.6101,40.5381,1.20104,0.529412,3.3358,3540.97,0.280313,0.156063,0.148801,0.414824,0.24835,0.234808,0.244846,0.271996,0.248351,0.234768,0.244886,0.271995,1.23899,0.857336,2.04169,1.01738,0.244754,0.195708,960,0.296925,1449,1518,1562.25,9600,2.98224,423,675,849,0,0,0,0,0,0,0.0577083,0.942292,874267,0,0.002327,15.6298,41.2033,39.88,51.68,39.98,26.24,57.96,6.46,5.957,270,2703,1.48,1.138,0,0,842.0917,0.030534,0.375136,0,0.3935,39.94,74369,11.929,276847,-0.035271,0.230639,-17.78,-17.705,43.427,115.3,846,0.0046,0.1277,0.1943,0.2152,7.22,-7.224,1269,1128,1040,0.015385,0.469478357,0,0
LTQ_IonTrap,LTQ_2,285372,9/4/12,59,MS-MSn,good,0.265964,28.7627,34.0251,43.6842,0.882668,1.04211,4.09179,3542.32,0.288264,0.12936,0.139915,0.442461,0.25339,0.228508,0.248232,0.269869,0.253368,0.228459,0.248276,0.269897,1.03778,0.827127,1.89405,1.20451,0.338817,0.164514,949,0.301791,1381,1532,1583,9490,3.01906,407.25,625,844,0,0,0,0,0,0,0.110432,0.889568,874278,0,0.000766,12.9137,50.4116,39.47,56.63,32.76,26.29,66.52,6.138,5.8,224,2242,1.448,1.109,0,0,872.2817,0.023887,0.394137,0,0.4,35.94,92403,15.133,305401,-0.030201,0.230153,-15.087,-15.01,41.272,114,855,0.01,0.0993,0.213,0.2435,7.18,-7.179,1284,1141,1056,0.014205,0.572702944,0,0.01
LTQ_IonTrap,LTQ_2,285376,9/4/12,59,MS-MSn,good,0.279335,32.9761,38.616,48.825,1.15834,0.600512,2.58622,3540,0.195783,0.157928,0.158237,0.488052,0.237054,0.234636,0.25391,0.2744,0.237009,0.234662,0.253974,0.274355,1.05416,0.738477,1.61362,1.20501,0.178581,0.238344,963,0.298181,1468.5,1534,1567,9630,2.9831,436,707,877,0,0,0,0,0,0,0.0885774,0.911423,874296,0,0.000801,15.9223,39.2531,48.32,66.89,43.99,31.23,71.84,5.168,5.962,276,2769,1.488,1.139,0,0,845.4859,0.019629,0.342421,0,0.324,33.94,92859,10.623,303059,-0.011511,0.222462,-5.96,-5.454,39.565,99.2,868,0.0076,0.1296,0.1822,0.2102,7.15,-7.154,1229,1052,975,0.018462,0.443842542,0,0
LTQ_IonTrap,LTQ_2,285384,9/4/12,59,MS-MSn,good,0.290937,27.7926,32.5897,40.2863,1.67356,0.669203,2.67174,3542.49,0.24682,0.149997,0.149857,0.453326,0.246356,0.232164,0.245083,0.276397,0.246289,0.232186,0.245168,0.276357,1.22056,0.760735,1.7985,1.39464,0.192152,0.178907,971,0.2998,1411,1490,1525,9710,2.9965,422,686,840,0,0,0,0,0,0,0.0580844,0.941916,874325,0,0.003701,16.2238,41.5439,37.12,46.3,34.81,25.68,51.16,5.566,5.483,287,2863,1.557,1.127,0,0,827.9526,0.031283,0.377477,0,0.331,49.945,88171.5,12.694,347711,-0.031916,0.223201,-16.768,-16.752,34.219,119,842,0.0075,0.1535,0.1844,0.2188,7.24,-7.235,1317,1143,1056,0.027462,0.460006986,0,0
LTQ_IonTrap,LTQ_2,285393,9/4/12,59,MS-MSn,good,0.290447,32.4102,37.6527,47.1108,1.46937,0.716818,3.00378,3540.12,0.183296,0.148727,0.156312,0.511666,0.237037,0.234326,0.253614,0.275023,0.236989,0.234355,0.253674,0.274982,1.0216,0.884625,1.7066,1.57903,0.165287,0.233831,963,0.297138,1410,1480,1524,9630,2.98161,431,700,850,0,0,0,0,0,0,0.0752856,0.924714,874351,0.00086,0.004299,15.6659,37.0869,44.12,56.46,43.82,31.9,62.99,5.321,6.667,273,2730,1.552,1.171,0,0,832.9079,0.022892,0.378313,0,0.336,36.62,89786,12.836,325896,-0.019161,0.225815,-9.388,-9.207,37.023,107.15,850,0.0119,0.1215,0.1679,0.1927,7.16,-7.161,1135,966,896,0.024554,0.415750916,0,0
LTQ_IonTrap,LTQ_2,285403,9/5/12,59,MS-MSn,good,0.291822,27.4893,32.0812,39.8779,1.73618,0.679806,3.18374,3539.36,0.235419,0.142051,0.149821,0.47271,0.24511,0.231508,0.248553,0.274828,0.245092,0.23148,0.248636,0.274792,1.17733,0.830916,1.83464,1.56471,0.193317,0.250048,966,0.29955,1371.25,1475,1511,9660,2.99607,399,674,837,0,0,0,0,0,0,0.0524845,0.947516,874381,0,0.000798,15.5583,40.1715,36.53,45.74,35.09,24.73,51.44,6.74,5.522,274,2738,1.527,1.142,1,0,833.393,0.019274,0.401361,0,0.344,47.52,86553,11.597,340609,-0.013203,0.216685,-7.649,-7.63,33.535,122.6,844,0.008,0.1373,0.1785,0.2016,7.19,-7.195,1225,1057,997,0.023069,0.447406866,0,0
LTQ_IonTrap,LTQ_2,285411,9/5/12,59,MS-MSn,good,0.286576,32.5904,37.7691,46.1331,1.62446,0.707756,2.91132,3541.26,0.175455,0.144222,0.155276,0.525047,0.236098,0.233822,0.255136,0.274944,0.236104,0.233793,0.255156,0.274948,1.1583,0.91382,1.84639,1.65144,0.182346,0.363638,961,0.297816,1405,1463,1500,9610,2.98315,431,695,847,0,0,0,0,0,0,0.0805411,0.919459,874406,0,0.001727,16.3302,35.4558,43.43,57.52,43.23,29.48,67.55,5.29,5.111,284,2846,1.51,1.143,1,0,825.4283,0.016352,0.440252,0,0.351,42.165,85138,15.892,315218,-0.018809,0.224104,-10.747,-10.663,37.643,109.15,849,0.0159,0.1192,0.166,0.1942,7.18,-7.177,1139,961,891,0.017957,0.400210822,0,0.01
LTQ_IonTrap,LTQ_2,285413,9/5/12,59,MS-MSn,good,0.273959,30.7684,36.2081,44.9995,1.68973,1.50945,3.40658,3540.13,0.325921,0.103903,0.131658,0.438518,0.269153,0.222944,0.241574,0.266329,0.269115,0.222919,0.241626,0.26634,1.51304,1.14685,2.9344,2.55333,1.14071,0.620388,937,0.309845,1399,1485,1527,9370,3.11432,244,587,827,0,0,0,0,0,0,0.10587,0.89413,874415,0,0.00107,12.0765,38.6701,37.07,54.59,29.07,26.28,56.56,5.565,5.4,210,2106,1.517,1.136,1,0,869.2323,0.016129,0.491935,0,0.902,34.29,84015,12.631,369107,0.004249,0.219238,2.214,2.429,35.273,101.7,874,4.00E-04,0.0308,0.1679,0.2166,7.07,-7.067,921,794,731,0.010944,0.437321937,0,0.97
LTQ_IonTrap,LTQ_2,285424,9/5/12,59,MS-MSn,good,0.260405,30.5727,35.6452,45.2551,1.42891,0.558853,2.79968,3539.46,0.18959,0.135105,0.145437,0.529868,0.0318281,0.431284,0.504409,0.0324787,0.249252,0.221805,0.24255,0.286393,1.25627,5.45335,3.86763,0.183592,7.30888,0.489093,1845,4.26108,57,71,1448,9082,2.98135,462,698,851,0,0,0,0,0,0,0.0756441,0.924356,874450,0,0.001857,16.1504,33.25,63.05,86.87,70.22,30.09,91.79,6.509,4.783,280,2809,1.641,1.173,1,1,813.0567,0.011889,0.410832,0,10,39.68,79550,17.491,314493,-0.018196,0.229405,-10.247,-10.21,38.449,104.7,859,0.0192,0.1215,0.1585,0.19,7.21,-7.209,1057,902,848,0.016509,0.376290495,0,0.03
LTQ_IonTrap,LTQ_2,285454,9/5/12,59,MS-MSn,poor,0.241499,5.19258,6.13007,8.07062,0.679662,0.987237,2.13859,3539.33,0.128822,0.0631116,0.073059,0.735007,0.31067,0.257359,0.233003,0.198968,0.114029,0.0948657,0.205882,0.585224,1.20922,1.44198,7.30114,1.06695,1.79653,6.38799,9735,5.00394,1,3,13,1735,1.7468,15,26,37,0,0,0,0,0,0,0.66513,0.33487,874845,NA,NA,0,NA,10.01,12.07,3.49,13.37,12.33,0,0,0,0,0,0,11,20,0,0,0,0,10,0,0,0,0,0,0,0,0,0,0,0,0,0,0,0,4.96,-4.959,0,0,0,0,NA,1,1
LTQ_IonTrap,LTQ_2,285461,9/5/12,59,MS-MSn,poor,0.257108,8.26438,9.60314,12.4466,0.485835,0.524426,1.96365,3542.35,0.114368,0.300209,0.324387,0.261036,0.441519,0.183009,0.174309,0.201163,0.19123,0.234956,0.306473,0.267341,2.26366,1.70582,5.89163,4.50957,0.59664,4.03707,4449,3.18944,6,77,145,6542,2.56035,28,49,73,0,0,0,0,0,0,0.721645,0.278355,874859,NA,NA,0,NA,35.34,30.86,40.85,45.17,63.76,0,0,0,0,0,0,6,17,0,0,0,0,10,0,0,0,0,0,0,0,0,0,0,0,0,0,0,0,5.92,-5.917,0,0,0,0,NA,1,1
LTQ_IonTrap,LTQ_2,285471,9/5/12,59,MS-MSn,poor,0.222109,25.4351,30.558,39.0187,1.15193,0.556064,2.33898,3539.43,0.312251,0.108415,0.130326,0.449008,0.0822507,0.213211,0.639144,0.0653941,0.29982,0.204203,0.217125,0.278852,0.878537,1.79638,7.9171,0.62521,0.594555,6.3091,3080,3.77947,79,103,361,7834,2.82427,355,589,777,0,0,0,0,0,0,0.10965,0.89035,874880,0.001534,0.003067,12.8487,25.2944,85.94,97.93,73.16,29.06,100.82,7.778,9,206,2061,1.428,1.114,1,1,778.7266,0.004357,0.416122,0,10,27.99,41890,13.367,172504,-0.062819,0.234032,-35.911,-35.624,60.392,125.3,855,0.0176,0.0917,0.1379,0.1469,7.06,-7.063,640,579,554,0.016245,0.310528869,1,0.87
LTQ_IonTrap,LTQ_2,285484,9/5/12,59,MS-MSn,poor,0.281448,6.52111,7.83349,9.52878,0.53114,0.606041,2.06523,3539.5,0.670962,0.144358,0.0849649,0.0997146,0.223955,0.223035,0.201904,0.351106,0.285088,0.509047,0.118896,0.0869697,0.975607,1.32663,9.61307,0.755771,2.8849,7.56604,10739,4.70753,2,3,22,2679,2.60955,12,28,93,0,0,0,0,0,0,0.621501,0.378499,874907,NA,NA,0,NA,19.23,19.94,12.53,75.77,26.45,0,0,0,0,0,0,40,26,0,0,0,0,10,0,0,0,0,0,0,0,0,0,0,0,0,0,0,0,5.93,-5.933,0,0,0,0,NA,1,0.99
LTQ_IonTrap,LTQ_2,285495,9/6/12,59,MS-MSn,good,0.241237,23.1889,27.8239,35.732,1.38739,0.511932,2.29126,3540.75,0.298058,0.123416,0.131906,0.446621,0.0543332,0.357433,0.536631,0.0516031,0.277423,0.213411,0.226889,0.282277,1.29658,3.97498,4.89071,0.247246,6.09704,2.24413,2478,4.59054,46,72,1400,8502,2.98202,298,622,811,0,0,0,0,0,0,0.104916,0.895084,874930,0,0.001048,13.1712,36.2154,58.72,77.42,38.98,23.32,79.15,6.929,8.909,220,2200,1.483,1.103,1,1,825.7903,0.014815,0.398519,0,10,32.805,58252,11.828,241970,-0.030281,0.220414,-14.687,-14.656,46.287,127.1,851,0.0082,0.1327,0.1875,0.1929,7.17,-7.167,935,825,782,0.017903,0.425,0,0.1
LTQ_IonTrap,LTQ_2,285500,9/6/12,59,MS-MSn,poor,0.285371,6.75584,7.89391,9.62129,0.514624,0.409624,2.67564,3541.4,0.353861,0.425973,0.111689,0.108477,0.451552,0.134727,0.175711,0.238011,0.156793,0.155623,0.418167,0.269417,0.921233,0.851552,8.50864,0.347651,0.129857,6.6468,7292,4.56595,36,47,58,5414,2.60677,10,28,62,0,0,0,0,0,0,0.520502,0.479498,874939,NA,NA,0,NA,51.99,64.8,26.63,5.86,49.4,0,0,0,0,0,0,29,22,0,0,0,0,10,0,0,0,0,0,0,0,0,0,0,0,0,0,0,0,6.29,-6.29,0,0,0,0,NA,1,0.99
LTQ_IonTrap,LTQ_2,285505,9/6/12,59,MS-MSn,poor,0.250478,7.61497,8.28347,9.37392,0.57046,0.677708,1.37735,3540.47,0.93426,0.0174854,0.0183934,0.0298612,0.263007,0.228893,0.215732,0.292368,0.933456,0.0343051,0.0170799,0.0151586,1.08705,0.755139,9.58537,0.486353,0.582518,9.40077,10239,4.83526,1,2,3,523,2.55298,6,20,37,0,0,0,0,0,0,0.661568,0.338432,874947,NA,NA,0,NA,17.9,17.05,21.52,6.76,15.99,0,0,0,0,0,0,8,3,0,0,0,0,10,0,0,0,0,0,0,0,0,0,0,0,0,0,0,0,6.16,-6.156,0,0,0,0,NA,1,1
LTQ_IonTrap,LTQ_2,285509,9/6/12,59,MS-MSn,good,0.256106,30.4276,35.8989,45.1155,1.45166,0.72252,2.89318,3540.18,0.265821,0.106337,0.143029,0.484813,0.369764,0.372791,0.214138,0.0433066,0.245412,0.220127,0.239367,0.295094,4.47131,1.9647,2.38592,5.48367,2.25581,0.739397,1431,2.83261,57,1407,1529,9090,3.02594,325,670,868,0,0,0,0,0,0,0.0671067,0.932893,874956,0.000851,0.011064,12.6622,46.3585,64.35,74.84,32.93,24.36,72.89,6.455,4.48,214,2138,1.574,1.156,1,0,933.8168,0.021438,0.460277,0,10,32,86254,16.005,278590,-0.008938,0.222289,-4.988,-4.775,49.05,97.65,879,0.0093,0.1377,0.1815,0.2168,7.12,-7.115,1148,937,862,0.024362,0.536950421,0,0.01
LTQ_IonTrap,LTQ_2,285516,9/6/12,59,MS-MSn,poor,0.284673,10.231,11.851,14.5769,0.973976,3.07903,2.96844,3540.38,0.198792,0.0349785,0.0361645,0.730065,0.488893,0.145987,0.16598,0.19914,0.122736,0.110449,0.258394,0.50842,1.20683,2.4137,9.86974,0.703842,5.01843,7.90122,5515,4.42744,1,2,43,4254,2.94344,72,179,520,0,0,0,0,0,0,0.250118,0.749882,874970,0,0,4.0772,24.7719,60.47,77.16,26.6,49.47,73.69,6.391,11.5,71,711,1.391,1.095,8,4,688.3669,0.017544,0.146199,0,10,74.69,62502,14.24,298647,-0.121406,0.214921,-78.664,-78.184,30.847,152.1,819,0,0.0172,0.1483,0.0979,6.96,-6.963,198,181,171,0.005848,0.278481013,1,1
LTQ_IonTrap,LTQ_2,285547,9/6/12,59,MS-MSn,poor,0.274112,6.13277,7.14612,8.62081,0.437122,0.506561,2.69661,3542.67,0.340739,0.293093,0.290772,0.0753965,0.365325,0.244285,0.168059,0.22233,0.149542,0.209692,0.274795,0.365971,0.79652,0.608845,7.95694,0.122372,0.0983603,5.68628,9618,4.62272,42,48,55,4137,2.59869,9,19,33,0,0,0,0,0,0,0.417211,0.582789,875033,NA,NA,0,NA,23.78,26.2,6.95,58.87,69.2,0,0,0,0,0,0,9,11,0,0,0,0,10,0,0,0,0,0,0,0,0,0,0,0,0,0,0,0,6.37,-6.366,0,0,0,0,NA,1,0.99
LTQ_IonTrap,LTQ_2,285719,9/6/12,59,MS-MSn,poor,0.211458,12.8913,15.0043,26.629,1.02315,0.747575,1.27059,3539.51,0.928767,0.0348133,0.0295093,0.0069104,0.318222,0.28415,0.0977646,0.299863,0.392241,0.551545,0.0281611,0.028053,1.11696,0.890507,11.0816,0.320669,0.701958,10.8691,6372,4.94246,1,1,2,960,2.42907,8,90.5,132,0,0,0,0,0,0,0.60625,0.39375,875369,NA,NA,0,NA,22.75,29.69,6.15,20.51,13.79,0,0,0,0,0,0,10,3,0,0,0,0,10,0,0,0,0,0,0,0,0,0,0,0,0,0,0,0,5.54,-5.545,0,0,0,0,NA,1,1
LTQ_IonTrap,LTQ_2,285732,9/6/12,59,MS-MSn,good,0.287781,29.4163,34.2897,42.6588,0.956376,0.684206,2.82743,3539.62,0.156023,0.170402,0.188791,0.484783,0.239399,0.241609,0.256971,0.262021,0.238116,0.240275,0.255371,0.266238,1.0817,0.716443,1.98123,1.29204,0.141562,0.721442,952,0.315995,1484,1532,1568,9469,2.97549,399,684,854,0,0,0,0,0,0,0.11733,0.88267,875396,0,0.002078,16.4537,43.6984,49.47,65.16,53.54,27.32,71.55,5.987,5.3,273,2723,1.478,1.148,0,0,860.9807,0.017561,0.39122,0,0.473,37.89,61862,13.932,209000,0.001828,0.220237,0.723,0.758,56.061,106.3,845,0.0382,0.21,0.2133,0.1994,7.3,-7.296,1408,1224,1130,0.022124,0.517076754,0,0
LTQ_IonTrap,LTQ_2,285737,9/6/12,59,MS-MSn,poor,0.151013,8.56128,9.93809,14.0648,0.58346,0.571912,1.9238,3539.35,0.0628903,0.0466252,0.136136,0.754349,0.285221,0.142385,0.297118,0.275276,0.122845,0.194807,0.259864,0.422483,1.34249,2.58315,7.94393,0.885383,3.91792,6.09984,9082,5.05519,1,2,80,1086,2.45513,6,13,26,0,0,0,0,0,0,0.467772,0.532228,875409,NA,NA,0,NA,31.12,19.72,10.78,40.15,33.75,0,0,0,0,0,0,10,7,0,0,0,0,10,0,0,0,0,0,0,0,0,0,0,0,0,0,0,0,5.7,-5.7,0,0,0,0,NA,1,1
LTQ_IonTrap,LTQ_2,285739,9/6/12,59,MS-MSn,good,0.290929,21.436,25.2619,32.3244,0.662263,0.577345,4.65408,3539.36,0.187988,0.170981,0.189453,0.451578,0.397186,0.418858,0.142812,0.0411443,0.233136,0.227207,0.237989,0.301668,3.63628,2.24362,2.34286,4.98799,1.96147,0.821999,1595,3.14429,103,1161,1530,9205,2.99759,427,672,841,0,0,0,0,0,0,0.136448,0.863552,875414,0.000538,0.005382,16.3142,56.6991,47.72,56.26,35.93,27.89,57.42,5.004,6.105,275,2751,1.534,1.131,1,0,865.0959,0.044289,0.399378,0,2.86,51.77,61965,15.941,240000,0.009609,0.218145,4.801,4.9,52.067,125.5,817,0.0661,0.2686,0.2857,0.2335,7.57,-7.574,1812,1577,1423,0.020379,0.658669575,0,0
LTQ_IonTrap,LTQ_2,285744,9/7/12,59,MS-MSn,poor,0.272789,4.49874,5.28254,6.50097,0.247378,0.522177,2.95872,3539.21,0.299445,0.376767,0.216481,0.107307,0.090074,0.28584,0.40727,0.216815,0.29589,0.218946,0.223808,0.261356,1.30979,1.12289,5.19279,0.954298,0.303841,3.93529,3833,3.76648,82,447,636,7306,2.54949,3,6,18,0,0,0,0,0,0,0.513961,0.486039,875423,NA,NA,0,NA,32.54,37.59,17.23,37.66,23.24,0,0,0,0,0,0,0,0,0,0,0,0,10,0,0,0,0,0,0,0,0,0,0,0,0,0,0,0,6.24,-6.244,0,0,0,0,NA,1,0.99
LTQ_IonTrap,LTQ_2,285746,9/7/12,59,MS-MSn,good,0.27972,30.0177,34.788,42.9941,0.713848,0.635976,2.76512,3539.47,0.167773,0.176684,0.181844,0.473699,0.362602,0.382646,0.210252,0.0444999,0.231206,0.233605,0.24525,0.289938,3.18355,1.54611,2.3814,5.20002,1.51839,0.715902,1436,2.74055,365.75,1459.5,1543,9152,2.97637,415.75,689,854,0,0,0,0,0,0,0.122596,0.877404,875428,0.000697,0.004878,15.945,44.9044,62.01,78.13,55.4,28.25,83.69,6.098,4.371,263,2626,1.528,1.161,0,0,865.9273,0.025717,0.39367,0,1.9565,35.3,57889,11.336,193515,0.011849,0.222937,7.486,7.491,62.788,98.205,837,0.0532,0.2073,0.2175,0.1895,7.31,-7.314,1404,1197,1111,0.021602,0.534653465,0,0
LTQ_IonTrap,LTQ_2,285754,9/7/12,59,MS-MSn,good,0.270945,23.5316,27.8462,35.6327,1.60981,0.838577,3.20937,3539.46,0.319183,0.119209,0.151734,0.409873,0.468721,0.465341,0.0334041,0.0325337,0.257897,0.212005,0.227256,0.302842,1.5722,4.10939,3.76645,0.722869,6.7746,0.941755,1799,4.1582,99,373,1492,8928,3.10487,273,604.5,830,0,0,0,0,0,0,0.172379,0.827621,875445,0,0.007422,12.9198,57.199,50.54,61.62,30.02,28.02,63.51,5.202,5.235,220,2198,1.506,1.125,0,0,887.435,0.02988,0.446215,0,10,40.52,78808,13.392,294000,0.009149,0.22173,5.137,5.353,43.903,115.5,848,0.0025,0.1614,0.301,0.2764,7.24,-7.242,1442,1244,1124,0.02758,0.656050955,0,0
LTQ_IonTrap,LTQ_2,285771,9/7/12,59,MS-MSn,good,0.285458,34.3971,40.069,49.8205,1.00534,0.698679,2.63499,3542.47,0.194266,0.145746,0.168523,0.491465,0.241047,0.235774,0.253174,0.270005,0.241051,0.235725,0.253224,0.27,1.20391,0.789955,1.83493,1.52865,0.229481,0.406159,949,0.294259,1284,1423,1499,9490,2.96028,377,680,859,0,0,0,0,0,0,0.0880927,0.911907,875479,0.001768,0.002653,16.1494,34.862,51.96,66.76,52.84,32.04,79.39,5.124,7.211,272,2717,1.563,1.169,0,0,844.4648,0.012484,0.399501,0,0.448,30.39,68524,28.789,233000,-0.026461,0.228843,-15.319,-15.106,52.61,94.005,856,0.028,0.1294,0.1714,0.1622,7.17,-7.169,1107,915,858,0.016317,0.407434671,0,0
LTQ_IonTrap,LTQ_2,286298,9/11/12,59,MS-MSn,poor,0.248571,35.2209,41.5585,52.1583,0.432681,0.686837,4.28395,3542.8,0.766367,0.0280911,0.0272764,0.178266,0.251802,0.255194,0.253993,0.239012,0.25179,0.255233,0.253912,0.239065,0.84315,0.902315,4.04791,0.391722,0.690483,3.56048,875,0.30156,1208.5,1246,1293,8750,3.02954,144,201,303,0,0,0,0,0,0,0.387886,0.612114,876980,0,0,1.9626,29.0431,32.24,39.25,23.86,28.87,41.59,10.5,2,34,340,1.431,1.105,0,0,792.8532,0.021978,0.208791,0,10,25.88,1810.4,32.332,262000,-0.042859,0.221308,-28.883,-28.355,49.296,117.8,861,0.0012,0.0012,0.0018,0.0627,6.8,-6.8,111,101,96,0,0.326470588,1,1
LTQ_IonTrap,LTQ_2,286380,9/11/12,59,MS-MSn,poor,0.266594,7.13566,8.23874,10.0256,0.551924,0.588959,2.95823,3542.2,0.0475159,0.475873,0.427513,0.0490986,0.329475,0.204732,0.198767,0.267026,0.324579,0.622383,0.0266058,0.0264322,1.02609,0.930351,9.48298,1.01592,1.19473,8.4192,13570,5.10808,2,4,9,919,2.46011,10,24,58,0,0,0,0,0,0,0.645267,0.354733,877054,NA,NA,0,NA,25.68,29.42,14.8,27.09,17.27,0,0,0,0,0,0,24,22,0,0,0,0,10,0,0,0,0,0,0,0,0,0,0,0,0,0,0,0,6.25,-6.246,0,0,0,0,NA,1,1
LTQ_IonTrap,LTQ_2,286391,9/11/12,59,MS-MSn,good,0.266347,30.232,35.648,45.3897,1.6345,1.15664,2.87713,3539.88,0.297559,0.139881,0.143482,0.419077,0.260909,0.229273,0.242882,0.266936,0.260827,0.229279,0.242981,0.266913,1.77558,0.987154,2.3968,3.20695,0.1899,0.602351,939,0.301261,1218,1509,1562.5,9390,3.02007,251,582.5,828,0,0,0,0,0,0,0.152183,0.847817,877080,0.000845,0.002534,13.6859,43.2562,38.75,53.99,30.49,27.63,62.21,5.876,8.563,234,2333,1.407,1.105,0,0,869.9849,0.027714,0.339492,0,0.443,37.71,70316,10.71,251000,-0.003941,0.228716,-2.377,-2.258,45.017,111.35,855,0.0028,0.1025,0.2248,0.2156,7.13,-7.127,1160,1021,949,0.020021,0.497213888,0,0.05
LTQ_IonTrap,LTQ_2,286396,9/11/12,59,MS-MSn,good,0.278864,24.7207,29.5259,37.2714,1.03284,0.489778,3.21723,3539.28,0.248,0.156427,0.16032,0.435254,0.440737,0.464455,0.0610932,0.0337147,0.236267,0.223044,0.23185,0.308839,2.38197,3.8671,2.18179,3.30661,3.81854,0.176635,1756,3.90451,73,1040,1519,9155,2.97044,422,662,834.5,0,0,0,0,0,0,0.119061,0.880939,877092,0,0.002694,16.4565,45.0886,56.34,66.26,59.38,26.27,69.96,5.484,9.1,283,2831,1.496,1.131,0,0,823.7637,0.029385,0.334252,0,10,49.68,65593,11.672,249567,-0.015091,0.229162,-9.014,-8.86,44.868,125.5,816,0.0527,0.1994,0.2067,0.2203,7.35,-7.35,1457,1281,1189,0.018503,0.514659131,0,0
LTQ_IonTrap,LTQ_2,286402,9/11/12,59,MS-MSn,poor,0.243307,6.14044,6.77689,8.18983,0.738113,0.514924,1.25165,3540.45,0.101202,0.085612,0.77399,0.0391958,0.149305,0.274489,0.293353,0.282854,0.145701,0.0977783,0.720053,0.0364677,1.38629,2.94241,8.53477,0.658462,5.62531,5.51378,7630,4.01347,1,2,67,1270,2.49866,11,23,45,0,0,0,0,0,0,0.631496,0.368504,877131,NA,NA,0,NA,32.69,33.2,11.38,64.35,33.35,0,0,0,0,0,0,0,1,0,0,0,0,10,0,0,0,0,0,0,0,0,0,0,0,0,0,0,0,5.4,-5.402,0,0,0,0,NA,1,1
LTQ_IonTrap,LTQ_2,287836,9/21/12,59,MS-MSn,good,0.256213,28.2479,32.8339,42.1465,0.893689,0.611138,2.77567,3540.66,0.312445,0.120838,0.136361,0.430356,0.244394,0.281014,0.287006,0.187587,0.25563,0.240928,0.245181,0.25826,2.06672,1.04178,2.22416,2.18697,0.923948,0.51251,1011,0.848028,799.5,1074,1278,8692,2.64943,226,368,597,0,0,0,0,0,0,0.231247,0.768753,881739,0.001271,0,15.5728,25.3005,49.29,69.94,33.11,24.89,72.92,7.57,11.286,237,2371,1.475,1.114,0,0,741.9173,0.001773,0.393617,0,4.437,56.61,13739,19.826,70937,-0.029766,0.216916,-17.414,-17.31,100,141.6,715,0.0232,0.1132,0.138,0.1595,7.08,-7.084,772,690,672,0.019345,0.325601012,0,0.11
LTQ_IonTrap,LTQ_2,287858,9/22/12,59,MS-MSn,good,0.257354,28.1008,33.5602,41.9374,0.913301,0.683775,2.81885,3539.56,0.308284,0.113745,0.129294,0.448677,0.237102,0.296682,0.304252,0.161963,0.255274,0.240115,0.244848,0.259763,2.3367,1.1932,2.01157,3.27058,1.07019,0.653485,1068,1.1548,569.5,1082,1236.25,8669,2.63858,221,366,594,0,0,0,0,0,0,0.225632,0.774368,881782,0.001149,0,15.6017,27.8816,48.61,66.82,33.14,27.06,72.66,6.768,19,237,2374,1.542,1.138,0,0,753.728,0.001565,0.359937,0,5.4785,53.97,13122,16.513,70822,-0.001422,0.211204,-1.034,-0.962,100,139.95,694,0.0188,0.1291,0.1567,0.1748,7.11,-7.112,853,755,733,0.0191,0.359309183,0,0.04
LTQ_IonTrap,LTQ_2,287861,9/22/12,59,MS-MSn,poor,0.228369,36.2765,42.6911,54.5,0.522788,0.608349,3.60236,3542.67,0.655492,0.152106,0.0636254,0.128777,0.238354,0.257427,0.253517,0.250702,0.252867,0.252071,0.248274,0.246788,0.846771,0.841086,4.04549,0.547787,0.528641,2.68606,880,0.498228,909,1007,1149.5,8622,2.5194,127,198,250,0,0,0,0,0,0,0.288216,0.711784,881791,0,0,7.3724,2.9841,35.17,32.42,26.99,73.2,33.05,12,0,111,1104,1.214,1.046,0,0,727.5251,0,0.826087,0,10,73.04,1287.25,7.65,10569,-0.04801,0.237624,-25.004,-22.877,100,27.88,445,6.00E-04,0.0012,0.0061,0.0176,6.78,-6.783,42,42,39,0,0.038043478,1,1
LTQ_IonTrap,LTQ_2,288146,9/24/12,59,MS-MSn,poor,0.215693,32.6049,39.4418,49.4684,0.448873,0.405832,2.66546,3540.17,0.442769,0.217472,0.132569,0.207189,0.206468,0.275072,0.274867,0.243592,0.253681,0.250235,0.250233,0.245851,1.56404,1.14569,2.48438,2.41077,0.315995,1.05641,937,0.737283,678,1168,1285,8526,2.53789,103,271,332,0,0,0,0,0,0,0.649191,0.350809,882162,0,0,8.3437,2.5169,68.71,67.05,44.14,64.08,68.32,38,0,121,1208,1.307,1.012,0,0,674.8772,0,0.212121,0,9.043,25.2,2521,4.52,9273,-0.008754,0.211035,-5.302,3.884,100,46.415,398,0.0086,0.0103,0.012,0.0034,6.52,-6.518,40,39,39,0,0.033112583,1,1
LTQ_IonTrap,LTQ_2,288151,9/24/12,59,MS-MSn,poor,0.243299,33.6324,39.3406,49.7694,0.474307,0.556991,2.29797,3539.86,0.4651,0.206566,0.109327,0.219007,0.258275,0.258987,0.251645,0.231093,0.254391,0.251604,0.244995,0.24901,1.14795,0.955312,2.45993,0.678701,0.513425,1.2616,895,0.418609,1079,1230,1439.5,8693,2.61115,146,252,303,0,0,0,0,0,0,0.365006,0.634994,882190,0,0,9.7503,3.7948,55.06,53.93,35.78,56.44,50.66,10.8,1.667,143,1432,1.166,1.039,0,0,654.8471,0,0.237288,0,10,30.89,1698.9,6.883,7413,-0.061506,0.237687,-44.067,-40.507,100,45.295,380,0.0064,0.0129,0.0238,0.0039,6.77,-6.77,73,64,62,0,0.050977654,1,1
LTQ_IonTrap,LTQ_2,288524,9/25/12,59,MS-MSn,poor,0.219968,35.5659,43.0067,55.1939,0.564869,0.484806,4.12627,3539.75,0.479039,0.168396,0.124663,0.227903,0.23619,0.25705,0.254765,0.251995,0.255023,0.249287,0.244255,0.251435,1.51174,1.40804,2.21359,2.39479,0.271313,0.853568,900,0.305738,862,1242,1442.25,8624,2.60845,5,176.5,267,0,0,0,0,0,0,0.549165,0.450835,883189,0,0,0,NA,89.6,85.9,85.03,64.42,94.39,0,0,0,1,0.95,0,0,0,1000.549,0,0,0,9.9075,0,0,0,4750,0.315104,0.315104,157.624,157.624,100,0,345,9.00E-04,0,0,0,6.6,-6.596,1,1,1,0,1,1,1
LTQ_IonTrap,LTQ_2,288525,9/25/12,59,MS-MSn,poor,0.211005,33.9004,39.9476,51.2986,0.448111,0.590053,2.19398,3539.59,0.490886,0.208355,0.138674,0.162086,0.198074,0.287603,0.283138,0.231185,0.256887,0.248133,0.244079,0.2509,1.09945,0.99793,3.22401,1.49104,0.453722,1.61833,992,0.651734,764.5,1047,1263.25,8578,2.58471,103,168.5,201,0,0,0,0,0,0,0.519119,0.480881,883193,0,0,0,NA,62.7,54.28,59.14,77.56,56.8,0,0,0,1,1.112,0,0,0,1000.549,0,0,0,10,0,0,0,2650,0.361814,0.361814,180.99,180.99,100,0,249,0,8.00E-04,0,0,6.65,-6.654,1,1,1,0,1,1,1
LTQ_IonTrap,LTQ_2,288532,9/25/12,59,MS-MSn,poor,0.208154,32.0163,37.8913,48.5602,0.462308,0.539062,1.59012,3540.16,0.54607,0.186301,0.117704,0.149924,0.266622,0.302272,0.300179,0.130927,0.252445,0.246439,0.241902,0.259214,1.09172,1.04852,3.0966,1.04159,0.587179,2.00893,1055,1.07833,622,879,1181,8585,2.59462,87,128,156,0,0,0,0,0,0,0.465463,0.534537,883210,0,0,1.3054,2.2981,48.77,40.24,46.11,80.79,35.45,0,0,19,199,1.267,1.208,0,0,892.469,0,0,0,10,10.18,829.402,1.287,5630,-0.165918,0.220476,-50.496,-18.481,100,29.16,242,0,0,0,0.0023,6.66,-6.661,2,2,2,0.5,0.010050251,1,1
LTQ_IonTrap,LTQ_2,288540,9/25/12,59,MS-MSn,poor,0.224414,36.304,43.1032,53.9699,0.343128,0.426196,2.50465,3540.9,0.591087,0.210768,0.0705243,0.12762,0.285778,0.284637,0.283488,0.146097,0.248868,0.247585,0.245922,0.257624,1.13199,0.94848,3.5666,0.874604,0.263255,2.71561,993,0.881303,904,1108,1332,8618,2.58016,118,163,205,0,0,0,0,0,0,0.326758,0.673242,883226,NA,NA,0,NA,48.05,44.92,29.35,100.94,45.59,0,0,0,0,0,0,0,0,0,0,0,0,10,0,0,0,0,0,0,0,0,0,0,0,0,0,0,0,6.72,-6.721,0,0,0,0,NA,1,1
LTQ_IonTrap,LTQ_2,288547,9/25/12,59,MS-MSn,poor,0.220131,33.0182,38.8495,48.583,0.398164,0.556819,2.3872,3540.71,0.492268,0.198115,0.147581,0.162036,0.265968,0.307605,0.306474,0.119953,0.252538,0.246183,0.241878,0.2594,1.1425,1.14189,2.79802,1.54209,0.591744,1.73235,1071,1.17883,558.5,966,1235,8554,2.59037,118,169,197,0,0,0,0,0,0,0.442132,0.557868,883243,0,0,0,NA,56.99,52.27,47.21,75.16,57.13,0,0,0,1,1.64,0,0,0,736.1142,0,0,0,10,0,0,0,5670,-0.085958,0.085958,-38.977,-38.977,100,0,241,0,0,0,7.00E-04,6.68,-6.682,1,1,1,0,1,1,1
LTQ_IonTrap,LTQ_2,288560,9/26/12,59,MS-MSn,poor,0.211307,33.3422,38.842,49.0218,0.351715,0.561954,2.24015,3539.53,0.503242,0.188775,0.149942,0.158042,0.27483,0.342599,0.31695,0.0656207,0.25112,0.244399,0.240016,0.264464,1.21603,1.26107,2.89595,1.52345,0.783891,1.78893,1195,1.66283,490.5,923,1199.5,8490,2.59848,123,173,204,0,0,0,0,0,0,0.420966,0.579034,883275,0,0,2.5305,1.1855,56.83,55.15,37.7,74.68,56.22,0,0,38,377,1.312,0.927,0,0,1000.549,0,0.5,0,10,11.07,1202.2,1.117,3840,-0.321541,0.2972,-160.844,-38.695,100,8.24,256,0,7.00E-04,0.0014,0,6.69,-6.692,3,3,3,0,0.00795756,1,1
LTQ_IonTrap,LTQ_2,288565,9/26/12,59,MS-MSn,poor,0.215745,32.4809,38.7615,49.6009,0.35187,0.4289,3.65707,3540.62,0.596426,0.235488,0.0451517,0.122934,0.304566,0.302146,0.304527,0.0887615,0.248743,0.245493,0.245029,0.260735,1.2069,0.93727,3.97681,0.827659,0.277321,3.04341,1063,1.22891,752,1133,1321,8612,2.57301,84,128,161,0,0,0,0,0,0,0.367046,0.632954,883289,0,0,0.744,4.0323,45.42,39.01,28.19,111.17,32.14,0,0,11,111,1.084,0.788,0,0,1024.057,0,2,0,10,46.96,2263,1.282,4550,0.322479,0.259083,157.607,161.341,100,16.065,246,0,0,0,0.0022,6.69,-6.687,3,3,3,0,0.027027027,1,1